id,domain,status,purchase_price,renewal_price,attractiveness,demand,length,registrar,created_at,expires_at,status_verified_at
a01f6cd8-3a1a-451a-976a-24a1e097aa91,saharan.ca,available,11.98,14.98,high,medium,7,namecheap,,,09/09/2026 20:49
bbc1cbb1-4317-4054-b514-7223f994b92e,ankus.ca,available,9.99,9.99,medium,low,5,namesilo,,,19/09/2026 09:49
2d1cd9cd-7de1-4495-a3f9-a8e6f31c4c73,splay.ca,available,9.99,9.99,medium,low,5,namesilo,,,10/09/2026 16:06
2786abaa-3c16-4b3b-af13-5a98f0b3ed1a,snowbound.ca,resell,,,high,medium,9,WHC Online Solutions Inc.,28/06/2023 19:00,28/06/2027 19:00,26/09/2026 09:07
1d25add8-bf62-4ad0-9875-89cee05917e4,anatoxin.ca,available,9.99,9.99,medium,low,8,namesilo,,,19/09/2026 03:34
2397ae87-4253-47b8-8d25-9a8507da5b07,trucks.ca,resell,,,medium,low,6,Namespro Solutions Inc.,31/10/2000 07:07,12/02/2027 05:00,29/09/2026 08:57
d2be3bdb-97ec-4fc0-9272-4555dca19fd4,favre.ca,available,9.32,9.32,medium,low,5,spaceship,,,02/10/2026 08:47
a3fd0b30-b9d5-47e4-b27c-deee939d7f81,shipyard.ca,resell,,,high,low,8,,,,30/09/2026 02:50
0bfbf1e5-003c-4133-86a5-e002963e3e61,abroad.ca,resell,,,high,low,6,Namespro Solutions Inc.,19/04/2004 15:59,19/04/2027 04:00,26/09/2026 01:19
0df3da3b-41dd-4cb8-b981-cebaad14f79d,subhuman.ca,available,9.99,9.99,medium,low,8,namesilo,,,10/09/2026 23:56
59a91a1b-9765-402a-9e1d-137db0f083ce,austerity.ca,available,9.99,9.99,medium,low,9,namesilo,,,21/09/2026 04:40
8c95b30e-4cf8-441f-a355-52cf41ff8d68,comfortably.ca,available,9.32,9.32,high,low,11,spaceship,,,01/10/2026 18:17
1c7148ad-f08a-4de8-9b59-b5c3fac98f21,mollify.ca,available,9.99,9.99,medium,low,7,namesilo,,,18/08/2026 22:10
0e24672c-2c03-4b2f-b726-bfe7e9f568a2,asimina.ca,available,9.99,9.99,medium,low,7,namesilo,,,20/09/2026 14:10
8a7ef6b5-d49e-4b65-8e6d-13baec29944b,rubbing.ca,available,9.32,9.32,medium,low,7,spaceship,,,29/09/2026 02:04
3af9e603-080a-4406-a6f4-8ab1cc9af2f1,septet.ca,available,9.99,9.99,medium,low,6,namesilo,,,
b109cda2-5466-4b90-a397-b1eca8d1c6c3,straying.ca,available,9.99,9.99,medium,low,8,namesilo,,,10/09/2026 22:14
85af250e-bf79-4b9e-af7b-18de373bb6fe,velvetleaf.ca,available,11.98,14.98,medium,low,10,namecheap,,,16/09/2026 19:24
dcaaefc8-5911-46fd-8c65-92e72c85ecfb,hastily.ca,available,9.99,9.99,medium,low,7,namesilo,,,14/09/2026 23:06
9f2fee0d-4b8f-4be9-9443-610d14a68322,illustrate.ca,resell,,,high,low,10,,,,29/09/2026 13:08
8124a53b-dd2a-41d1-bd55-93c3e6326392,kyiv.ca,resell,,,high,low,4,,,,30/09/2026 13:29
b753ee2f-0d03-460d-9bb6-acfd0405523b,rationing.ca,available,8.65,9.13,medium,low,9,porkbun,,,01/10/2026 21:27
867869af-36b9-4eb8-b78d-565422bc4a67,negligent.ca,resell,,,medium,low,9,BareMetal.com inc,20/06/2012 19:47,20/06/2027 19:47,26/09/2026 07:44
52178cdc-1e79-4bb0-a288-f51c9bc4f900,affected.ca,available,9.99,9.99,high,low,8,namesilo,,,
63b78c37-a25a-46bd-92a3-b52410ebc4a4,godless.ca,available,9.99,9.99,medium,low,7,namesilo,,,20/08/2026 16:02
67381d0c-6b29-4536-843f-09c34a9635fa,grenoble.ca,available,9.19,9.19,high,low,8,cloudflare,,,28/09/2026 19:22
6ba41340-5477-47d6-811c-9dccef1f5bc7,bees.ca,resell,,,high,low,4,Grape Inc.,20/07/2004 18:00,20/07/2027 04:00,26/09/2026 04:20
c1dc84c7-e011-4fdc-a8ec-4b295fa14805,sebring.ca,available,9.99,9.99,medium,low,7,namesilo,,,01/10/2026 23:35
6e18ca75-e8cb-4905-8ec9-b920e18fa5ca,pharm.ca,resell,,,high,low,5,,,,30/09/2026 19:36
6fbcf6fb-ee81-48c5-a645-8b9a2adf7fa7,affined.ca,available,9.99,9.99,medium,low,7,namesilo,,,
9724eed1-e3d4-4a28-9ea3-077772eb7700,pilar.ca,resell,,,high,medium,5,WHC Online Solutions Inc.,03/06/2020 19:00,03/06/2027 19:00,26/09/2026 08:09
790ae01e-13bc-4d0f-b867-4ddd22ea0f9b,unopened.ca,available,9.99,9.99,medium,low,8,namesilo,,,12/09/2026 16:14
dd9c4eb0-7902-42a5-8dcf-ef91266a2659,owning.ca,resell,,,medium,low,6,BareMetal.com inc,27/06/2007 19:52,27/06/2027 04:00,26/09/2026 07:59
3ac40787-cab7-44a2-ac99-6c65a962aacd,anxiously.ca,available,11.98,14.98,medium,low,9,namecheap,,,13/09/2026 20:05
f7ecae2a-563d-4260-bf23-599bb8f2605b,tornadoes.ca,resell,,,medium,low,9,MyID.ca INC.,09/05/2018 19:38,09/05/2027 19:38,26/09/2026 09:41
d5ed8a19-a8df-443b-a8b4-d59d088a3a53,waikato.ca,available,9.99,9.99,medium,low,7,namesilo,,,02/10/2026 10:00
8e4ac659-481e-41e1-8995-b8e5fa0ab2e0,moronic.ca,available,9.99,9.99,medium,low,7,namesilo,,,25/08/2026 06:35
59e246c3-8905-4aa8-a127-d334458b26c0,defined.ca,resell,,,high,low,7,WHC Online Solutions Inc.,21/08/2024 19:00,21/08/2027 19:00,26/09/2026 05:28
5b138024-d7fc-48d6-9ee0-f086ff442c6d,pert.ca,resell,,,medium,low,4,BareMetal.com inc,04/09/2024 19:00,04/09/2027 19:00,26/09/2026 08:07
f48dbefa-3252-4c0f-96bc-c76b5798aefd,skeletal.ca,available,11.98,14.98,medium,low,8,namecheap,,,10/08/2026 19:00
19e9721b-8a3c-4b4b-9882-a4d048d0cd94,unsuitable.ca,available,9.99,9.99,medium,low,10,namesilo,,,22/08/2026 00:19
66b53956-3038-4358-a86d-8b16a14b7eef,screecher.ca,available,11.98,14.98,medium,low,9,namecheap,,,22/09/2026 17:04
257df6e5-206d-4b65-94d9-773c3e9804f6,omdurman.ca,available,9.99,9.99,medium,low,8,namesilo,,,22/09/2026 15:32
8de345b0-374a-464e-891d-373f10eefdea,slant.ca,resell,,,high,low,5,Namespro Solutions Inc.,17/02/2016 20:37,17/02/2027 20:37,26/09/2026 09:04
b3ba45c2-d8c9-4786-914c-341c8a970a04,futile.ca,available,11.98,14.98,medium,low,6,namecheap,,,22/09/2026 23:49
833c188d-e845-421a-8a0f-ed6dd5f11665,esthesia.ca,available,9.99,9.99,medium,low,8,namesilo,,,17/09/2026 13:25
7762cd6a-fc36-4e4c-b3ee-92f97c030289,retrieved.ca,available,9.99,9.99,medium,low,9,namesilo,,,
0d17c6b0-8ac1-42f2-a2af-7600afc05c11,usmc.ca,available,9.32,9.32,medium,low,4,spaceship,,,30/09/2026 17:59
e1d8b16c-cf64-45bf-a8d6-1126514dbf54,gradable.ca,available,9.99,9.99,medium,low,8,namesilo,,,08/09/2026 03:31
17e5fcc9-6be5-4d47-8e1a-7c0a3e805c47,thatch.ca,available,9.99,9.99,medium,low,6,namesilo,,,24/09/2026 02:04
0d1db1e6-867f-428d-98d7-a624544a21f8,sondheim.ca,available,9.32,9.32,medium,low,8,spaceship,,,03/10/2026 02:09
5b948969-23bf-48ff-8234-5ab47c9651af,taranto.ca,available,9.32,9.32,medium,low,7,spaceship,,,02/10/2026 19:15
0ed70cb8-189a-40c8-b2a2-33e6830c1b63,styptic.ca,available,9.99,9.99,medium,low,7,namesilo,,,07/08/2026 10:00
5834fdae-78ff-44fc-8d89-df1132a5d336,pillowcase.ca,available,14.98,,medium,low,11,namecheap,,,
807e6bdb-bd4e-40e8-8dd6-37b08060bf24,alkali.ca,available,9.99,9.99,high,low,6,namesilo,,,18/09/2026 08:16
bef637fb-fb17-4167-a6bf-b2f3d5085a59,fists.ca,resell,,,medium,low,5,,,,30/09/2026 15:15
b71ec47b-8d73-4cb4-bfe2-a146c44263a8,spectacled.ca,available,9.99,9.99,medium,low,10,namesilo,,,09/08/2026 17:20
ed134a19-f63b-40ea-9865-68d2e0c8e9ca,gaseous.ca,available,11.98,14.98,medium,low,7,namecheap,,,18/08/2026 20:25
210143ba-5fea-4de7-8333-29ceac108b51,perverted.ca,available,9.99,9.99,medium,low,9,namesilo,,,14/08/2026 02:36
9b978af5-7c16-4cb8-b5da-94cb89c18a74,backwash.ca,available,9.99,9.99,medium,low,8,namesilo,,,17/09/2026 15:44
740d4874-2e7d-46c9-bb7f-bf6a274fe8b5,tactful.ca,resell,,,medium,low,7,WHC Online Solutions Inc.,23/08/2023 19:00,23/08/2027 19:00,26/09/2026 09:29
9ee56092-d7bc-4fb5-a03b-51264b573239,disliked.ca,available,9.99,9.99,medium,low,8,namesilo,,,14/08/2026 11:29
dff8923b-2f06-4ab4-be66-ab79de513dd3,sacculate.ca,available,9.99,9.99,high,medium,9,namesilo,,,09/09/2026 20:37
94e9bf08-8e62-48ea-a03f-4f95160c41c9,slowed.ca,available,9.99,9.99,medium,low,6,namesilo,,,20/09/2026 15:42
a14569cb-1e11-47d6-89ec-01362897911c,meaty.ca,resell,,,high,low,5,MyID.ca INC.,14/10/2015 19:42,14/10/2027 19:42,26/09/2026 07:29
4fb7b035-a990-4bd4-ad4d-9429401f76a6,schizophrenic.ca,resell,,,medium,low,13,,,,30/09/2026 12:09
27ed2ba3-b886-441d-8d32-ee4dfd3007e5,unthankful.ca,available,9.99,9.99,low,low,10,namesilo,,,11/09/2026 12:29
5aeee5a6-56fa-4c25-bf09-dbdf7a675252,shuttered.ca,available,9.99,9.99,medium,low,9,namesilo,,,10/09/2026 07:21
ec0eea22-9ee7-44fc-9659-8590fc188771,addable.ca,available,9.99,9.99,medium,low,7,namesilo,,,
9f50229b-0002-4825-939e-b78710ed49e5,appreciates.ca,available,11.98,14.98,medium,low,11,namecheap,,,20/09/2026 20:35
49e3e1ab-0e9a-493b-833f-91182ab30472,witless.ca,available,11.98,14.98,medium,low,7,namecheap,,,03/09/2026 17:49
54bd65a9-e536-470e-9411-5be11fa0b4db,admass.ca,available,9.99,9.99,medium,low,6,namesilo,,,17/09/2026 08:43
59ec14af-3a72-4b6f-bc43-d1a6e4a760a2,dialects.ca,available,9.18,9.18,medium,low,8,dynadot,,,02/10/2026 21:32
5353f5af-c2f2-497a-9a6a-93cdda5ea006,staggered.ca,available,9.32,9.32,medium,low,9,spaceship,,,02/10/2026 18:02
680c9b67-be36-4e34-9762-6da655e4b086,sleekly.ca,available,9.99,9.99,medium,low,7,namesilo,,,16/09/2026 02:30
f3c47ea1-c99a-4893-ad46-0e9488623c3e,arming.ca,available,9.99,9.99,medium,low,6,namesilo,,,20/09/2026 07:11
48c546f2-d3a2-4ce5-9bfd-e16c155152e5,tacitus.ca,available,9.99,9.99,high,low,7,namesilo,,,29/09/2026 07:01
4ad15561-5f24-40a8-8671-757a02f12e87,doth.ca,available,8.66,9.17,medium,low,4,porkbun,,,03/10/2026 06:58
228aa1aa-0a58-415c-8ee9-22a453ded6a0,thumbs.ca,resell,,,medium,low,6,8648255 CANADA LTD. O/A Dynadot LLC,07/02/2024 19:00,07/02/2027 19:00,26/09/2026 09:37
ae2067df-3d95-43fd-9436-ccc9c65346e5,byzant.ca,available,11.98,14.98,medium,low,6,namecheap,,,23/09/2026 12:17
c2edb31d-2647-4d05-9f93-5be6c4de24d4,amenable.ca,available,9.99,9.99,medium,low,8,namesilo,,,22/09/2026 04:02
c4656b38-a6ec-4585-99f4-063854612794,configuration.ca,resell,,,medium,low,13,,,,29/09/2026 10:14
c58bf644-40f7-443d-9aea-95511376bcab,franck.ca,resell,,,medium,low,6,,,,29/09/2026 00:24
64452c48-6ecb-40ac-9b12-04a19aadbaa5,nourishment.ca,resell,,,high,low,11,,,,30/09/2026 22:35
28132800-d2d7-48f7-b3df-b2d47b721bb8,marseilles.ca,available,9.19,9.19,high,low,10,cloudflare,,,02/10/2026 16:05
0984bd83-b799-42d3-add4-35a2b66d8786,incompetence.ca,available,9.32,9.32,medium,low,12,spaceship,,,30/09/2026 14:30
05b1e6b8-4026-4b5e-ae79-fcfc5deb64de,doctor.ca,resell,,,high,low,6,"Go Daddy Domains Canada, Inc",31/10/2000 16:54,01/07/2027 04:00,29/09/2026 05:29
102c82c2-ce4f-4429-8b24-d4b6d9bf5d87,resultant.ca,available,,,medium,low,9,,,,
ad3d0538-7aa8-4ac6-972b-9c3f8d32f824,guarneri.ca,available,11.98,14.98,medium,low,8,namecheap,,,19/09/2026 04:22
32c33611-a5ab-4946-8954-49e4ea7f9d53,dara.ca,resell,,,medium,low,4,,,,01/10/2026 01:04
34d90840-9c8e-486f-ac2b-542456c86f3a,abila.ca,available,11.98,14.98,medium,low,5,namecheap,,,16/09/2026 15:52
748074f1-48ab-4d24-b371-efa9ac38c864,hispania.ca,available,9.99,9.99,medium,low,8,namesilo,,,02/10/2026 08:22
71131cf9-e666-41a7-9edb-4833f3a4e474,seat.ca,resell,,,medium,low,4,Rebel.ca Corp.,09/11/2000 17:46,01/12/2026 05:00,26/09/2026 08:53
eee6ec74-7b1b-4311-adbf-9466b400fe85,uncounted.ca,available,9.99,9.99,medium,low,9,namesilo,,,13/08/2026 03:44
5e82e87d-cd3e-4aa4-9df5-d5c8ad83b15c,agamid.ca,available,9.99,9.99,medium,low,6,namesilo,,,17/09/2026 16:08
12c9937a-f6f5-488e-b1b4-7a92ad7a9686,dismissive.ca,available,9.99,9.99,medium,low,10,namesilo,,,14/08/2026 11:49
a2371abd-6b39-4d80-8754-7d1a34e19456,contribution.ca,resell,,,high,low,12,,,,28/09/2026 04:30
54d19bc5-83e2-48bf-9e7d-d3049f9b4212,neuronic.ca,available,9.99,9.99,low,low,8,namesilo,,,03/09/2026 16:21
b295a6f5-d40d-4bf8-adae-a8f7058d6baf,benzyl.ca,available,9.99,9.99,medium,low,6,namesilo,,,23/09/2026 09:03
69b51b81-fe54-4b5c-9d13-43ef3c6ba282,sabin.ca,available,9.99,9.99,medium,low,5,namesilo,,,18/09/2026 02:37
8840ee4c-1dac-4fba-ab80-ee825745e2d2,undogmatic.ca,available,9.99,9.99,medium,low,10,namesilo,,,18/08/2026 14:50
1a3ac8fa-a68a-4043-8efb-00ce3e23a532,blankly.ca,available,9.99,9.99,medium,low,7,namesilo,,,14/09/2026 00:13
1f3bdf4b-b79d-44b2-80e3-a16d09e73cba,rashes.ca,resell,,,low,low,6,"Go Daddy Domains Canada, Inc",29/08/2007 22:58,29/08/2027 04:00,26/09/2026 08:30
6c3d97c8-ee09-4c7f-9617-c0c45669a84d,wyandotte.ca,available,9.32,9.32,medium,low,9,spaceship,,,30/09/2026 20:28
f8e686fa-95da-4603-a376-5392ccdc3c36,angioma.ca,available,11.98,14.98,medium,low,7,namecheap,,,19/09/2026 06:14
f1ce3f2e-6b21-4d2d-90ea-544c32adb366,ritenuto.ca,available,9.99,9.99,high,medium,8,namesilo,,,09/09/2026 09:55
5fd6c911-a9a0-4a18-8cb6-5b53fa400c80,phyllis.ca,resell,,,medium,low,7,,,,28/09/2026 07:46
b0baf88d-0816-4ac1-a8ed-2000714965a1,fulgent.ca,available,9.99,9.99,medium,low,7,namesilo,,,10/08/2026 13:45
9e54c706-e4d9-4aa1-b415-2d74d95de35e,amphitheater.ca,available,9.32,9.32,high,low,12,spaceship,,,01/10/2026 02:33
2d4ce2ad-4d62-4d40-a343-5529e132de35,zealously.ca,available,11.98,14.98,medium,low,9,namecheap,,,16/09/2026 11:50
d7a549e6-7098-4785-a527-ebedb6fce568,guanajuato.ca,available,9.19,9.19,high,low,10,cloudflare,,,01/10/2026 09:14
6ecfb2c6-06c6-4816-a92a-52a3aebcc55f,dishonor.ca,available,9.99,9.99,medium,low,8,namesilo,,,29/09/2026 15:45
622e3310-f41a-491c-b23d-af0f88a5c387,determining.ca,available,9.19,9.19,medium,low,11,cloudflare,,,30/09/2026 05:52
ead8d925-8cb9-48bc-8039-2872db9f5a33,disuse.ca,available,9.99,9.99,medium,low,6,namesilo,,,24/09/2026 23:14
8d60a27f-f13f-44f8-aa1e-1031bdb29a5c,commandant.ca,available,9.99,9.99,medium,low,10,namesilo,,,01/10/2026 01:32
2aa80ade-f40e-4902-9972-eac5e77307fb,cannily.ca,available,9.99,9.99,medium,low,7,namesilo,,,14/09/2026 05:10
d77c7554-e006-48ab-870a-e8c80bc4503a,athwart.ca,available,9.99,9.99,low,low,7,namesilo,,,13/09/2026 22:38
da768a25-4927-43a2-84d8-47bcfd76eb86,alcaic.ca,available,9.99,9.99,medium,low,6,namesilo,,,18/09/2026 03:46
8626f90c-f512-4ae8-881d-171f136dc1ad,slipping.ca,available,9.99,9.99,medium,low,8,namesilo,,,10/09/2026 11:05
1545572e-d39c-4ed8-8a92-48f28fe8361f,divorced.ca,resell,,,medium,low,8,WHC Online Solutions Inc.,28/03/2005 03:47,27/03/2027 04:00,26/09/2026 05:37
4dc58cd2-d8b4-4167-818e-fb7e2693909a,fitfully.ca,available,9.99,9.99,medium,low,8,namesilo,,,14/09/2026 18:43
b79f89a8-3d86-42c3-aebb-c03e7092a1ad,theorise.ca,available,9.99,9.99,medium,low,8,namesilo,,,24/09/2026 17:20
691726ad-96b1-47ba-92ef-d4e2945c88ea,confiscated.ca,available,9.99,9.99,low,low,11,namesilo,,,29/09/2026 11:03
109816a9-0935-4dc0-8610-12157947f324,sakharov.ca,available,9.99,9.99,medium,low,8,namesilo,,,19/09/2026 04:30
002a6b92-9c9a-468b-9e52-cd2bea4ea9e8,huey.ca,resell,,,high,low,4,,,,28/09/2026 21:17
f67692ef-68ba-4f05-98ba-111e5fed760a,vandalism.ca,available,9.32,9.32,medium,low,9,spaceship,,,29/09/2026 22:58
14273aa5-d74e-4006-84cb-b4b9ad8cf6e0,floodlit.ca,available,9.99,9.99,medium,low,8,namesilo,,,18/08/2026 08:47
ae02993c-c508-41c3-9664-6f02fd046a7a,obligation.ca,resell,,,high,low,10,"Go Daddy Domains Canada, Inc",30/03/2019 19:33,30/03/2027 19:33,26/09/2026 07:51
d4043d19-c4fe-4675-8dc1-b0c42fc38077,readably.ca,available,9.99,9.99,medium,low,8,namesilo,,,14/09/2026 11:08
1762053b-031c-41ac-8a97-5da746e0b96a,anshar.ca,available,9.99,9.99,medium,low,6,namesilo,,,19/09/2026 12:12
0d9e5395-93b0-4624-8887-f878527edcbd,chooses.ca,available,9.19,9.19,low,low,7,cloudflare,,,28/09/2026 18:06
055e8999-013d-4647-b941-e25f272bcd0c,engels.ca,available,9.32,9.32,medium,low,6,spaceship,,,28/09/2026 14:01
b3f4585e-8ab7-4f4f-a4d1-679a6cbb2517,benzol.ca,available,9.99,9.99,high,low,6,namesilo,,,23/09/2026 08:53
54777d86-4e36-4e99-8946-6689c033fd40,mozambican.ca,available,9.99,9.99,medium,low,10,namesilo,,,25/08/2026 09:16
49bf5f8e-41ea-4c4a-9804-78be11e09945,hoping.ca,available,11.98,14.98,high,low,6,namecheap,,,25/09/2026 11:50
8ef16de7-edaa-48f9-8551-edb7318831b5,implying.ca,available,9.17,9.17,high,low,8,dynadot,,,01/10/2026 23:05
b5182726-db09-42b0-b175-753f09b42313,squiffy.ca,available,11.98,14.98,low,low,7,namecheap,,,09/08/2026 16:38
ca6a24e8-c385-4f5c-aedf-f7d7a30e1122,messaging.ca,resell,,,high,low,9,,,,29/09/2026 06:21
45a21075-375d-45a5-9ccd-a1541664f7db,aplitic.ca,available,9.99,9.99,medium,low,7,namesilo,,,06/08/2026 00:35
c8801874-3eda-4657-b1cc-577edf7db17b,operable.ca,available,9.99,9.99,medium,low,8,namesilo,,,04/09/2026 16:20
6893f2ec-cc51-41d3-867b-9a40579b95a0,antibiotic.ca,resell,,,high,low,10,MyID.ca INC.,21/03/2018 19:32,21/03/2027 19:32,26/09/2026 03:54
353eecdc-87bd-482a-9a6e-2137d29c1b7f,disapprove.ca,available,9.99,9.99,medium,low,10,namesilo,,,02/10/2026 06:43
c21aa8fb-b874-4879-a72a-dbcdf9f807e7,calorific.ca,available,9.99,9.99,medium,low,9,namesilo,,,11/08/2026 15:12
9e3a8f90-17da-43fc-a9da-4aaf15e15451,alkyl.ca,available,11.98,14.98,medium,low,5,namecheap,,,18/09/2026 08:34
f792b5c6-4388-4622-bb0a-8ad2f3eb07bf,lettuce.ca,resell,,,high,low,7,,,,29/09/2026 03:25
64faab38-6ada-4604-a7c7-8a5220b98fc2,unfading.ca,available,9.99,9.99,medium,low,8,namesilo,,,12/09/2026 09:53
b2c8d07f-3282-45be-af1c-09f8430624bd,fidel.ca,resell,,,medium,low,5,,,,02/10/2026 00:37
334b17fe-d363-4323-895c-4ada5bcc958e,scathing.ca,available,9.99,9.99,medium,low,8,namesilo,,,09/09/2026 22:57
966cf837-4ca2-489b-9afc-bd335eeece27,phallic.ca,available,11.98,14.98,medium,low,7,namecheap,,,08/09/2026 18:31
653bd8ff-49fd-42ff-957c-f72a447457d5,became.ca,resell,,,medium,low,6,Namespro Solutions Inc.,13/05/2006 15:39,13/05/2027 04:00,26/09/2026 04:19
8b31be60-567c-449d-98bf-eb9cdafd6e3e,conjoin.ca,available,9.99,9.99,high,low,7,namesilo,,,13/09/2026 09:37
64db7e65-fe1c-4986-9208-df0f2c0e9629,sightless.ca,available,9.99,9.99,high,medium,9,namesilo,,,10/09/2026 07:56
f9591b2c-c504-4d8c-8e7f-bc320822baa2,actinide.ca,available,9.99,9.99,medium,low,8,namesilo,,,
a3897dc9-e0db-440e-97af-dac91ddba9de,undersexed.ca,available,9.99,9.99,low,low,10,namesilo,,,12/09/2026 07:31
1a5de151-0899-4ad6-b832-a1a04afc35d0,panicked.ca,available,9.99,9.99,medium,low,8,namesilo,,,05/09/2026 00:57
a37a3c1a-2541-46b3-a5d5-c82ae035cbf7,broccoli.ca,resell,,,high,low,8,,,,29/09/2026 04:00
074bcb0e-7922-479a-afb0-baebf9bcd033,extramural.ca,available,11.98,14.98,medium,low,10,namecheap,,,17/08/2026 19:18
532d47b8-f977-46f6-9bb6-8456b05280b1,horrified.ca,available,9.99,9.99,medium,low,9,namesilo,,,21/08/2026 14:14
93561904-0fb3-4420-9b3d-d3ec861b5183,isolating.ca,available,9.32,9.32,medium,low,9,spaceship,,,01/10/2026 22:59
0fad53d5-d23d-4c07-8f0d-7116c916f893,demetrius.ca,available,9.99,9.99,medium,low,9,namesilo,,,29/09/2026 00:39
3ffb0a1a-8fb2-4d77-b861-8105fc067b36,devotions.ca,resell,,,medium,low,9,CENTRALNIC CANADA INC,02/06/2021 19:00,02/06/2027 19:00,26/09/2026 05:32
f48acbb6-2658-4d28-9012-751329a0e437,empathic.ca,resell,,,high,low,8,"Go Daddy Domains Canada, Inc",24/05/2014 18:30,24/05/2027 18:30,26/09/2026 05:49
976da57a-14a4-4070-8e46-b90ad6d21696,lilies.ca,resell,,,medium,low,6,,,,01/10/2026 16:28
34258b73-1672-4dbe-b700-c1b9c5290a1b,mohammedan.ca,available,9.99,9.99,medium,low,10,namesilo,,,25/08/2026 03:23
2b63c516-a3e9-4b67-9987-baddc472bab9,tacky.ca,available,9.99,9.99,medium,low,5,namesilo,,,18/08/2026 06:41
b70c3fa8-9e9c-4e3f-9eed-834d554bcfb9,clock.ca,resell,,,high,low,5,BareMetal.com inc,03/03/2002 17:00,03/03/2027 05:00,29/09/2026 10:09
859eabd6-a6f2-43aa-8baf-a530ef08c7f0,pastry.ca,resell,,,high,low,6,,,,29/09/2026 13:40
167212b3-8c13-4844-8822-94f5554f5c70,dreadful.ca,available,9.99,9.99,medium,low,8,namesilo,,,22/09/2026 15:15
cf01a225-4991-4201-bad7-a210749b80e6,beefalo.ca,available,9.99,9.99,medium,low,7,namesilo,,,23/09/2026 01:04
49f5efca-354a-4e55-9257-c56970e2041b,stockings.ca,resell,,,medium,low,9,WHC Online Solutions Inc.,08/04/2026 19:00,08/04/2027 19:00,26/09/2026 09:19
db4f467a-afee-41b7-b1a5-d1d78a931c5d,consultant.ca,resell,,,high,low,10,easyDNS Technologies Inc.,04/10/2000 02:26,23/02/2027 05:00,28/09/2026 19:05
ad9c7a66-495d-4172-a7b5-611d93396591,crooked.ca,resell,,,medium,low,7,CENTRALNIC CANADA INC,05/08/2020 19:00,05/08/2027 19:00,26/09/2026 05:20
53b86523-f5d8-45fa-8821-dd6a01741b0b,brisbane.ca,resell,,,high,low,8,,,,01/10/2026 01:13
7ccfe43a-59f4-4460-8523-aa977dd38c70,gutsy.ca,resell,,,high,low,5,"Go Daddy Domains Canada, Inc",04/04/2015 21:24,04/04/2027 21:24,26/09/2026 06:32
86c15308-cf16-426a-b6a5-0366a744ace9,prereq.ca,available,9.2,9.2,medium,low,6,dynadot,,,30/09/2026 20:25
e395b9bb-63bf-4dfb-b48c-e08fafc1a551,philosophical.ca,available,9.99,9.99,medium,low,13,namesilo,,,29/09/2026 08:37
d97fdcba-fa2a-4616-ac97-4657c086e48a,recounts.ca,available,9.19,9.19,medium,low,8,cloudflare,,,30/09/2026 16:23
d07eaf16-4690-4643-ba34-683c15a03837,clinging.ca,available,9.32,9.32,medium,low,8,spaceship,,,30/09/2026 19:49
08da5eb4-cfc7-4c14-ae01-a57eb68394e0,bypast.ca,available,9.99,9.99,low,low,6,namesilo,,,11/08/2026 12:08
f5f43cb0-d867-4bd4-9858-dd860cf7c1e9,antennaria.ca,available,9.99,9.99,medium,low,10,namesilo,,,19/09/2026 12:52
d805cdef-a1aa-435e-b6aa-270e1aa33528,type.ca,resell,,,high,low,4,"Go Daddy Domains Canada, Inc",24/01/2002 15:46,24/01/2027 05:00,30/09/2026 14:06
4278d906-0ec5-45ab-8350-28f3a8a50666,extrovert.ca,resell,,,high,low,9,"Go Daddy Domains Canada, Inc",22/12/2023 01:02,22/12/2026 01:02,26/09/2026 05:58
3be06734-595e-453b-b37a-237dba4e8381,woollen.ca,available,9.99,9.99,high,low,7,namesilo,,,13/09/2026 13:15
336ae31a-d217-4bbd-b15d-2873f30d6e62,fantasm.ca,available,9.99,9.99,medium,low,7,namesilo,,,08/09/2026 18:39
ff931f15-ab58-4a7e-b189-c1d8f1b45170,autogenous.ca,available,11.98,14.98,medium,low,10,namecheap,,,07/08/2026 20:16
e0365dc5-9674-4911-9815-b41023933958,exulting.ca,available,11.98,14.98,high,low,8,namecheap,,,17/08/2026 19:44
eff3ca65-01d3-4e8e-9f06-93cb10a5c1e3,brachial.ca,available,9.99,9.99,medium,low,8,namesilo,,,11/08/2026 00:19
c5a205ec-4c83-410d-9a49-7ad8a83dbd5d,need.ca,resell,,,high,low,4,CENTRALNIC CANADA INC,09/03/2022 19:00,09/03/2027 19:00,26/09/2026 07:44
401fad58-2752-438b-9098-1e678f99625b,gird.ca,available,9.99,9.99,medium,low,4,namesilo,,,20/09/2026 06:19
a17e585d-dbe2-48a6-a973-c2955e2bd375,postcolonial.ca,available,9.99,9.99,high,low,12,namesilo,,,02/10/2026 07:43
5c92bae4-5229-4180-ae09-82789132d07c,rents.ca,resell,,,high,low,5,,,,30/09/2026 15:40
0522f773-15f2-4269-a7d3-2f9f197a204e,agleam.ca,available,,,medium,low,6,,,,
6acb5f55-2e87-4a28-ab5f-6f5b77509a75,barkeeper.ca,available,9.99,9.99,medium,low,10,namesilo,,,22/09/2026 06:23
1ea1c5d5-3e0d-4e69-86c0-64eb755a7758,ache.ca,resell,,,medium,low,4,BareMetal.com inc,01/12/2010 21:31,01/12/2026 21:31,26/09/2026 01:20
2cddf48e-fc17-4502-883e-5bd5958f48c3,unparalleled.ca,resell,,,high,low,12,,,,02/10/2026 07:22
8c0c711c-f83a-43db-9c4d-c0266ee2d7cd,bearnaise.ca,available,11.98,14.98,medium,low,9,namecheap,,,22/09/2026 21:23
da9ea8af-ff80-4f35-bae6-21a20471c208,astacus.ca,available,9.99,9.99,medium,low,7,namesilo,,,20/09/2026 16:51
761c1049-ff3d-4186-8118-d02cf936aac1,coolly.ca,available,9.32,9.32,medium,low,6,spaceship,,,28/09/2026 14:20
917a704f-c803-4a97-adc2-cc87bf0d12a4,ideals.ca,resell,,,medium,low,6,,,,29/09/2026 05:10
dbaaef48-3312-430f-81e4-4ed97bcc5ffd,clawed.ca,available,9.99,9.99,medium,low,6,namesilo,,,12/08/2026 10:02
468e47ee-ffce-466d-9e66-4a277704b71f,ensuing.ca,available,9.99,9.99,medium,low,7,namesilo,,,17/08/2026 09:51
f264494e-4ff1-4b70-b99f-d36f57e49a6d,stroller.ca,resell,,,high,low,8,MyID.ca INC.,03/01/2007 20:39,03/01/2027 05:00,26/09/2026 09:21
c63e3b2e-e5c3-44ee-b489-2a65b54df3ee,earrings.ca,resell,,,medium,low,8,,,,30/09/2026 00:39
c5b389e3-dbde-4c7e-9d90-afd2ee33d9ec,boycott.ca,resell,,,medium,low,7,Grape Inc.,29/06/2011 19:47,29/06/2027 19:47,26/09/2026 04:34
43f65394-9423-4076-b4d7-dd5cbec60767,smartest.ca,resell,,,high,low,8,WHC Online Solutions Inc.,26/05/2021 19:00,26/05/2027 19:00,26/09/2026 09:05
0ce79c15-9fa0-4bfc-becf-0a6ad39213e0,angkor.ca,available,9.32,9.32,medium,low,6,spaceship,,,02/10/2026 20:28
81e0bbf7-1943-45d9-9829-3181c7444b7d,reopening.ca,available,11.98,14.98,high,low,9,namecheap,,,01/10/2026 06:34
a5b83c94-af03-4b9c-ab63-797c46a8c112,internets.ca,resell,,,low,low,9,WHC Online Solutions Inc.,10/09/2025 21:47,10/09/2027 21:47,01/10/2026 11:19
079c2a4f-f945-4c3b-85f3-c2880a3a2fe4,harz.ca,available,9.19,9.19,high,low,4,cloudflare,,,02/10/2026 08:48
55c48fb2-d3ea-4d1d-9543-1793475defb5,adventitia.ca,available,9.99,9.99,medium,low,10,namesilo,,,17/09/2026 10:36
c7fa2367-1c58-4c59-9a04-a7ba6432f139,unclean.ca,available,9.99,9.99,medium,low,7,namesilo,,,14/08/2026 09:12
0251b492-c321-45bf-a709-1b64bdef9f88,untucked.ca,available,9.99,9.99,low,low,8,namesilo,,,12/09/2026 21:50
776dc2a0-67c7-414b-809c-48ae4c7233a2,bermuda.ca,resell,,,high,high,7,"Go Daddy Domains Canada, Inc",24/01/2002 14:45,24/01/2027 05:00,26/09/2026 04:22
3e866e6c-fc2b-4ebb-9363-962018b7068b,erosive.ca,available,9.99,9.99,medium,low,7,namesilo,,,13/08/2026 02:09
67457db9-5240-48d0-bd3a-7bd6a6c7eb99,asepsis.ca,available,11.98,14.98,medium,low,7,namecheap,,,19/09/2026 15:02
6f72dcc5-afd1-4856-962e-e4dfdf98457f,musts.ca,available,9.99,9.99,low,low,5,namesilo,,,19/09/2026 21:45
51512678-7778-42b9-8946-d212189cc62a,nowise.ca,available,9.99,9.99,low,low,6,namesilo,,,15/09/2026 17:05
4c8c20c6-0f3b-41d7-9e34-d1719c2d88cc,resupine.ca,available,9.99,9.99,medium,low,8,namesilo,,,09/09/2026 15:30
8bd27f26-e043-4ec5-bbe2-8397e835eddc,arb.ca,resell,,,high,low,3,Grape Inc.,07/10/2005 18:00,07/10/2027 04:00,26/09/2026 03:57
95e454ad-f54d-4e47-b817-74916a433b9f,conception.ca,resell,,,high,low,10,BareMetal.com inc,01/03/2008 17:36,01/03/2027 05:00,26/09/2026 05:10
41bcbc96-b94f-478b-872f-693c686add34,underarm.ca,available,9.99,9.99,medium,low,8,namesilo,,,12/09/2026 07:21
0f61883d-28cf-4e64-aaa5-6863a4338c8c,dagger.ca,resell,,,high,low,6,WHC Online Solutions Inc.,01/07/2002 16:03,01/07/2027 04:00,26/09/2026 05:24
d7befab3-9b9a-490c-97db-418a558fc6f4,anemometry.ca,available,9.99,9.99,medium,low,10,namesilo,,,19/09/2026 05:18
0387d202-e4ba-4ed7-a98b-e843dfa75d7c,amorphous.ca,resell,,,medium,low,9,BareMetal.com inc,06/12/2023 19:00,06/12/2026 19:00,26/09/2026 03:51
566aaea4-f90b-44db-9079-0bccca9686d6,miffed.ca,available,9.99,9.99,medium,low,6,namesilo,,,
b6113b4a-2034-41e1-b4fe-2762e5293b74,murderous.ca,available,9.99,9.99,medium,low,9,namesilo,,,21/08/2026 11:28
7c1e13e5-f689-4b29-b6a2-bcf9aaa5d8e4,relation.ca,resell,,,high,low,8,MyID.ca INC.,08/01/2003 17:01,08/01/2027 05:00,27/09/2026 11:47
cc35d0fd-fdc6-4a9c-af6d-828313e7e6db,intrepidly.ca,available,9.99,9.99,medium,low,10,namesilo,,,14/09/2026 10:53
7c9a967e-91c5-4e4a-8779-13a06a6fd980,cheered.ca,available,9.19,9.19,medium,low,7,cloudflare,,,30/09/2026 15:15
0794ac76-f3b4-4b28-a24c-0b902f46e9a1,primaries.ca,available,9.32,9.32,medium,low,9,spaceship,,,02/10/2026 12:50
6059af70-255a-48b5-b59e-8673403d64d0,scheme.ca,resell,,,high,low,6,,,,30/09/2026 10:40
bdf4f7d2-225f-48c4-85d9-8d39e0125e2d,corresponding.ca,available,9.19,9.19,medium,low,13,cloudflare,,,01/10/2026 19:34
caad0ae9-0f92-43dc-b340-bf76b1661b7a,swanson.ca,resell,,,high,low,7,,,,28/09/2026 02:01
aa70c795-ba56-49d7-8458-148f4327c8ea,adjacency.ca,available,9.99,9.99,medium,low,9,namesilo,,,17/09/2026 08:24
a817709c-2cd6-4c36-9cba-d04345356340,cattie.ca,available,9.99,9.99,medium,low,6,namesilo,,,11/08/2026 22:14
c18cdcb5-d0d3-4a16-a165-e9e795bdaa1d,treelike.ca,available,9.99,9.99,medium,low,8,namesilo,,,06/08/2026 14:01
02b370d8-e397-4361-87d8-037d0bedd83f,trivial.ca,resell,,,high,low,7,CENTRALNIC CANADA INC,31/10/2018 19:37,31/10/2027 19:37,26/09/2026 09:46
ffd16c0a-5314-4dbd-9455-0f7d1670abe9,azo.ca,resell,,,high,low,3,WHC Online Solutions Inc.,15/04/2020 19:00,15/04/2027 19:00,26/09/2026 04:11
f4e2e1c7-4803-41e4-8895-748bb720a684,congrats.ca,resell,,,high,low,8,CENTRALNIC CANADA INC,20/04/2016 19:46,20/04/2027 19:46,01/10/2026 09:14
e3befc8d-0e6b-452c-a92c-2f6b1da8e2bf,clanging.ca,available,9.99,9.99,medium,low,8,namesilo,,,12/08/2026 09:31
170f174e-f174-4ac2-9ccc-f035801af1aa,syphilis.ca,resell,,,medium,low,8,,,,30/09/2026 17:56
077994f9-ebb6-4c4b-9759-7b27b550978a,premolar.ca,available,9.99,9.99,medium,low,8,namesilo,,,09/08/2026 19:46
621d0b3f-8c03-4712-b148-d378a9dfba38,seeping.ca,available,9.99,9.99,medium,low,7,namesilo,,,04/09/2026 15:36
c34dda5c-0e6a-45c9-9271-4caa1dfb1775,honk.ca,resell,,,high,medium,4,"Go Daddy Domains Canada, Inc",02/03/2011 20:19,02/03/2027 20:19,26/09/2026 06:42
5e7d5fbe-8ff9-4886-ba59-1fc0683a0117,stylised.ca,available,9.99,9.99,medium,low,8,namesilo,,,12/08/2026 23:48
42902510-a9da-4ccd-bcfe-258b3e6418fd,zarqa.ca,available,9.99,9.99,medium,low,5,namesilo,,,21/09/2026 10:58
43b5e9f0-7f5e-41a0-a7e2-991ef3ca6018,thumping.ca,available,9.99,9.99,medium,low,8,namesilo,,,08/08/2026 13:08
28a232d8-0635-4a0a-8869-34af4f66c2a2,hemphill.ca,available,9.99,9.99,medium,low,8,namesilo,,,01/10/2026 23:34
2f4abd96-06ba-4aa7-b18e-5cf0d504a935,admired.ca,resell,,,high,low,7,CENTRALNIC CANADA INC,27/11/2019 19:00,27/11/2026 19:00,26/09/2026 01:23
88860307-7131-4136-b743-d149b6b5391d,upchuck.ca,available,9.99,9.99,high,medium,7,namesilo,,,10/09/2026 07:41
c41de675-0242-49d0-b376-8925cbd02979,tyrannical.ca,available,9.99,9.99,medium,low,10,namesilo,,,07/08/2026 19:12
6c9acd51-0e68-4418-bda7-5369e4ac5f83,feels.ca,resell,,,high,low,5,WHC Online Solutions Inc.,04/03/2020 20:36,04/03/2027 20:36,01/10/2026 09:54
50ebb041-3fa7-487d-872f-b8c5391d48b4,unchanging.ca,available,9.99,9.99,medium,low,10,namesilo,,,12/09/2026 05:04
31fc7557-d1f2-43eb-8738-4a3d6f58822d,langer.ca,resell,,,medium,low,6,,,,29/09/2026 02:56
717ae106-5f42-4ff3-a9a3-9918db833183,peeking.ca,available,9.99,9.99,medium,low,7,namesilo,,,02/10/2026 01:04
0f0c6af0-908f-48fe-936f-a393f5e35611,predictable.ca,resell,,,high,low,11,,,,28/09/2026 15:49
5849be8e-bf17-41aa-8a61-a09c1169f433,alterable.ca,available,9.99,9.99,medium,low,9,namesilo,,,22/09/2026 02:18
ba5fc23c-4cb8-48b8-a521-b5676580d85d,abigail.ca,resell,,,high,low,7,,,,29/09/2026 02:47
3d5f8003-755f-4ef9-a445-c9072fa587b7,elongated.ca,available,9.99,9.99,medium,low,9,namesilo,,,16/08/2026 05:26
fbb9aa52-faed-46aa-b584-36d65ff0bc28,vocalizing.ca,available,9.99,9.99,high,medium,10,namesilo,,,10/09/2026 08:24
a2f7564b-61db-4fc0-85c7-02ef0632a6f8,scriabin.ca,available,9.99,9.99,medium,low,8,namesilo,,,18/09/2026 05:07
b2a3c946-f094-485d-85ac-c020f51ab418,chiapas.ca,available,9.99,9.99,medium,low,7,namesilo,,,29/09/2026 04:08
e960b133-13e8-4181-b721-75efb00029d2,grinning.ca,available,9.32,9.32,high,low,8,spaceship,,,27/09/2026 23:14
26c2c30c-672a-4921-82aa-15af45a9f13b,obeyed.ca,available,9.99,9.99,medium,low,6,namesilo,,,02/10/2026 22:10
4f426adf-7fce-4391-8fc2-31f965e645d5,khaki.ca,resell,,,high,low,5,Grape Inc.,16/05/2006 17:49,16/05/2027 04:00,26/09/2026 07:04
07c9c913-284a-45c5-913b-cbdd9d9c01e2,kepler.ca,resell,,,medium,low,6,,,,29/09/2026 01:24
4b2856a3-85b1-4420-8ccb-d605448355fa,hemic.ca,available,9.99,9.99,low,low,5,namesilo,,,20/08/2026 21:49
f32e4bc4-5ae9-49eb-a1ab-545f9c04298f,deny.ca,resell,,,high,low,4,WHC Online Solutions Inc.,27/08/2025 19:00,27/08/2027 19:00,26/09/2026 05:30
9d4ace54-2d72-46b8-a3f9-76b2bd00e455,thence.ca,available,9.99,9.99,medium,low,6,namesilo,,,15/09/2026 00:13
96f1a90b-6415-45ba-baa9-6218dd38a5d7,atonic.ca,available,9.99,9.99,low,low,6,namesilo,,,07/08/2026 13:54
b835d571-4107-448a-8892-94b01b1f9636,remindful.ca,available,9.99,9.99,medium,low,9,namesilo,,,17/08/2026 15:18
00d9fe80-92ec-4a04-aa33-048d2ea49641,funniest.ca,available,11.98,14.98,medium,low,8,namecheap,,,02/10/2026 22:43
57ad0353-9e21-4dd2-b353-0478c16ce618,continues.ca,resell,,,medium,low,9,CENTRALNIC CANADA INC,01/12/2009 07:00,01/12/2026 05:00,26/09/2026 05:13
b9d946d8-91ee-4b91-b267-831f6750376d,armoracia.ca,available,9.99,9.99,medium,low,9,namesilo,,,20/09/2026 07:23
a5a6bd83-96bb-4138-9874-234a8fc0191a,overmuch.ca,available,11.98,14.98,medium,low,8,namecheap,,,04/09/2026 21:13
48d50490-15f0-4c0f-a8f4-f441d0e15d4b,linearly.ca,available,9.99,9.99,medium,low,8,namesilo,,,15/09/2026 12:25
50259307-bfad-4c74-90c6-0c6e56ff614f,predaceous.ca,available,9.99,9.99,high,medium,10,namesilo,,,09/09/2026 01:22
76d7fdd5-8149-454e-a606-36673d25ed35,studies.ca,resell,,,high,low,7,Namespro Solutions Inc.,23/02/2003 17:01,23/02/2027 05:00,26/09/2026 09:21
6a2e5665-b981-4dbf-a10b-b529241ff3eb,worded.ca,available,11.98,14.98,medium,low,6,namecheap,,,20/09/2026 15:04
80c27aa2-ae80-42dc-97f0-f9bb7ceca109,maximally.ca,available,9.99,9.99,medium,low,9,namesilo,,,15/09/2026 13:43
44a3b01a-ee32-43d0-a10f-4c7f594624a8,boogie.ca,resell,,,high,low,6,,,,29/09/2026 18:03
c3bb26f3-dddc-43ee-943b-33120f09608f,oklahoma.ca,available,9.99,9.99,high,low,8,namesilo,,,26/09/2026 00:08
bbfcbe81-0572-4a4e-bbc0-95570b841b56,scares.ca,available,9.32,9.32,low,low,6,spaceship,,,30/09/2026 07:09
225aef66-8b34-4383-992c-b1b785ff222d,farley.ca,resell,,,medium,low,6,,,,30/09/2026 13:41
f9ff514b-7fe9-42bd-9e4e-a49edf0290d0,dignifying.ca,available,9.99,9.99,medium,low,10,namesilo,,,14/08/2026 07:23
2d85abe5-9a04-41a3-9b7b-8efdde64dae5,heroically.ca,available,9.99,9.99,medium,low,10,namesilo,,,15/09/2026 00:39
9b68201b-af25-4b73-b4ae-bbb430966c21,rearrange.ca,available,9.99,9.99,high,low,9,namesilo,,,01/10/2026 22:11
532b4663-bf32-4e2c-a6d1-b0da9807e613,anarchic.ca,available,9.99,9.99,medium,low,8,namesilo,,,
fb54247e-2421-41ca-b1aa-4940208212a6,microbar.ca,available,11.98,14.98,medium,low,8,namecheap,,,22/09/2026 03:48
06c82865-281a-40e3-85af-cffa8c33e692,fixedly.ca,available,9.99,9.99,low,low,7,namesilo,,,14/09/2026 18:44
34f08eed-191d-4af2-b30b-3fef94f2428c,abbeville.ca,available,9.32,9.32,medium,low,9,spaceship,,,30/09/2026 20:53
e4fc90a7-d78e-4956-9fe6-242df320f6ae,jalisco.ca,available,11.98,14.98,high,low,7,namecheap,,,29/09/2026 15:31
6d6414b3-f338-45be-95da-86c1b471ce72,aisle.ca,resell,,,high,low,5,MyID.ca INC.,02/03/2011 20:19,02/03/2027 20:19,26/09/2026 01:28
afc91d33-0473-4821-975d-0ba00df34213,bassoon.ca,available,11.98,14.98,medium,low,7,namecheap,,,22/09/2026 12:33
c105d8fe-b993-42df-ade1-f56198704946,emollient.ca,available,9.99,9.99,medium,low,9,namesilo,,,14/08/2026 01:39
b1df81f7-0061-4daf-9e72-d6894fdfb36e,syria.ca,resell,,,high,high,5,,,,01/10/2026 03:59
4a12ffea-36b9-48a6-9033-b24b5a33c447,xxviii.ca,available,9.99,9.99,medium,low,6,namesilo,,,
974630cb-86c7-4cd2-bff2-27725bda8be7,marsupial.ca,available,9.99,9.99,medium,low,9,namesilo,,,24/08/2026 16:32
5a0ca046-5703-4732-9520-96b6a04b8787,desecrated.ca,available,9.99,9.99,medium,low,10,namesilo,,,14/08/2026 03:18
309d111a-c15e-44e0-b71b-fab4542601ad,cvp.ca,resell,,,high,low,3,,,,01/10/2026 23:07
2e858d4f-c6d1-4ae1-b551-042702e3bd6a,gravitational.ca,available,9.32,9.32,medium,low,13,spaceship,,,29/09/2026 10:18
4b3b22a4-33d8-407e-b6ea-91a55540b836,taleteller.ca,available,9.99,9.99,medium,low,10,namesilo,,,11/09/2026 10:32
03b47ac0-d64d-4ada-92d8-363f06c261bc,editing.ca,resell,,,high,low,7,,,,28/09/2026 13:57
2c0280c8-da47-4a86-ba5b-5ad89f6e243f,examined.ca,resell,,,medium,low,8,,,,28/09/2026 08:42
fc91b195-4f2c-44e0-8138-299b905d7af2,barring.ca,available,9.32,9.32,medium,low,7,spaceship,,,29/09/2026 01:15
50fd6517-55a3-4369-8333-50d3370a264f,bilinear.ca,available,11.98,14.98,high,low,8,namecheap,,,09/08/2026 21:20
1f299a3e-0fda-4d9a-ac1e-d4115219f689,untroubled.ca,available,9.99,9.99,medium,low,10,namesilo,,,10/09/2026 01:30
af25464a-a23f-4422-8db5-3d90aba4fd1e,punitory.ca,available,9.99,9.99,high,medium,8,namesilo,,,09/09/2026 06:03
ba3ef4e5-96cf-4628-a980-3f88d35ec429,featherbed.ca,available,9.99,9.99,high,low,10,namesilo,,,21/09/2026 12:59
58119cac-3162-4acf-8295-bb31546c038a,merits.ca,resell,,,medium,low,6,,,,29/09/2026 16:29
82f66ae5-86d9-4229-8eef-55437bcfdbc4,barefooted.ca,available,11.98,14.98,medium,low,10,namecheap,,,08/08/2026 18:59
6734abf5-3e5e-4e32-a169-ae64bdb62969,accidental.ca,resell,,,high,low,10,CENTRALNIC CANADA INC,27/08/2014 19:39,27/08/2027 19:39,26/09/2026 01:20
d54337ef-89c1-4d93-9439-dd6084eb227d,anson.ca,resell,,,medium,low,5,,,,28/09/2026 07:57
0c1dbe17-9cc0-4689-8739-25b0ece15560,jumbled.ca,available,9.99,9.99,medium,low,7,namesilo,,,21/08/2026 08:39
40116d19-82a9-4d23-8d27-c0e4802917c1,yell.ca,resell,,,medium,low,4,Grape Inc.,09/11/2000 04:21,01/12/2026 05:00,29/09/2026 12:21
d7f1361e-a834-4c38-a8a7-672de25bbc86,grumbling.ca,available,11.98,14.98,medium,low,9,namecheap,,,20/08/2026 20:33
c157fca3-f500-4ff1-b5b5-ddce8b225234,breeder.ca,resell,,,high,low,7,,,,01/10/2026 01:11
121bde8a-73a9-436b-8eb8-9d1a46d0436f,jokingly.ca,available,9.99,9.99,medium,low,8,namesilo,,,14/09/2026 17:23
8e1b2536-a49a-4140-8bbc-108860ef1f88,stagey.ca,available,11.98,14.98,medium,low,6,namecheap,,,10/09/2026 18:06
e8446794-7bd1-448d-8c29-de3c4c9dca66,mutilation.ca,available,9.99,9.99,medium,low,10,namesilo,,,01/10/2026 20:52
b300ad12-29cf-448a-b39c-85a87027a981,interlaced.ca,available,9.99,9.99,medium,low,10,namesilo,,,22/08/2026 08:04
dbd368bc-f0fa-4a21-b110-589d9dc3e87b,corrective.ca,resell,,,high,low,10,WHC Online Solutions Inc.,16/06/2021 19:00,16/06/2027 19:00,26/09/2026 05:16
286cf0fa-37f4-4453-a827-4790f6797ef6,conceit.ca,available,11.98,14.98,medium,low,7,namecheap,,,18/09/2026 22:51
f413e67f-ff48-4ad9-85d1-9671c09cda1a,winfred.ca,available,11.98,14.98,medium,low,7,namecheap,,,19/09/2026 19:23
89416aee-9c56-4039-8928-f962d9f3cbb9,avoidance.ca,available,9.99,9.99,medium,low,9,namesilo,,,21/09/2026 09:49
38b4eee0-fa32-47c0-86ed-11c7966dd650,ccf.ca,resell,,,high,low,3,,,,30/09/2026 21:20
30030d74-5b9a-43ac-a452-13c3c77de096,figaro.ca,resell,,,high,medium,6,,,,03/10/2026 03:57
6269a89f-f99c-48cb-9376-9bb4603d0133,altoona.ca,available,9.99,9.99,medium,low,7,namesilo,,,18/09/2026 15:04
ac70cdbf-cd43-445f-9bbc-9f2e53d7b83f,jars.ca,resell,,,medium,low,4,,,,30/09/2026 07:13
fe6760bf-887c-4762-ae4c-67b10128e906,flowered.ca,available,9.99,9.99,high,low,8,namesilo,,,18/08/2026 08:56
c16e2fb0-e23a-4cde-ace4-3ce9323a771f,trolling.ca,available,9.32,9.32,medium,low,8,spaceship,,,30/09/2026 13:58
05039d3c-dded-4579-b62b-123cd75ea8be,literatim.ca,available,9.99,9.99,medium,low,9,namesilo,,,15/09/2026 12:34
caadc078-56ba-4e6d-9245-344f4863e3b8,deutsch.ca,resell,,,high,low,7,,,,28/09/2026 11:22
41dba75b-d011-48dc-9961-b3344e4fcc30,msa.ca,resell,,,high,low,3,,,,28/09/2026 03:30
13354437-6904-4a5d-a696-58fd2f2a3653,armature.ca,resell,,,medium,low,8,BareMetal.com inc,01/01/2025 19:00,01/01/2027 19:00,26/09/2026 04:01
51a6a89a-fd7f-4eef-a6da-2427d44569f6,precursors.ca,available,9.99,9.99,medium,low,10,namesilo,,,21/09/2026 00:35
4a087519-76e3-4366-a96e-cc59a52924d2,bartholdi.ca,available,9.99,9.99,medium,low,9,namesilo,,,22/09/2026 09:11
edc1ed90-3dde-41a6-a5b4-6bd981fe3dc4,expressed.ca,available,11.98,14.98,high,low,9,namecheap,,,17/08/2026 18:26
3badf7f1-7a36-4361-8318-945f4dc4f2a0,bickering.ca,available,9.99,9.99,medium,low,9,namesilo,,,23/09/2026 13:12
d8a5b212-5f66-4db2-9dd9-505a222c46b4,remotely.ca,resell,,,medium,low,8,8648255 CANADA LTD. O/A Dynadot LLC,14/06/2006 19:25,14/06/2027 04:00,26/09/2026 08:35
95661946-3f20-4fc6-9cc5-817a97083400,sevener.ca,available,9.99,9.99,medium,low,7,namesilo,,,
a7f32e8f-ab77-4177-ae23-1f5c63fd2c25,aglaonema.ca,available,11.98,14.98,medium,low,9,namecheap,,,17/09/2026 18:18
5cbf9f3f-ef63-4fe9-9782-49e881eca209,firefighter.ca,resell,,,high,low,11,CanSpace Solutions Inc.,27/12/2005 19:25,27/12/2026 05:00,30/09/2026 23:57
00b3d7b3-5470-48f1-b227-4a9d26580ff4,noseless.ca,available,9.99,9.99,low,low,8,namesilo,,,03/09/2026 21:47
09ea4597-f013-41eb-a501-f87e7e435d52,sexiness.ca,available,9.99,9.99,medium,low,8,namesilo,,,18/09/2026 16:14
ca366d62-4e0e-41a3-9b1a-1d6d9d2b6aaf,feasibly.ca,available,11.98,14.98,medium,low,8,namecheap,,,14/09/2026 18:08
a2e6545e-2f7b-4ce4-8a72-064f64c96bb0,bruising.ca,available,9.99,9.99,medium,low,8,namesilo,,,11/08/2026 06:34
25db41e0-1fbe-4cfb-9fff-514642ef2cca,speculative.ca,available,9.99,9.99,medium,low,11,namesilo,,,02/10/2026 07:16
37f12561-b2e8-4ba5-92ab-eda1c4e687c6,infantile.ca,available,9.99,9.99,medium,low,9,namesilo,,,12/08/2026 05:04
32760758-ca14-4c84-8e26-e539aa10e234,autotroph.ca,available,9.99,9.99,medium,low,9,namesilo,,,21/09/2026 07:36
93435593-6573-4067-bf4f-57bbe708b344,actor.ca,resell,,,high,low,5,Namespro Solutions Inc.,23/02/2003 17:00,23/02/2027 05:00,28/09/2026 02:29
7a13f1a7-beac-47b1-802e-59ac2cd7c50c,drearily.ca,available,9.99,9.99,low,low,8,namesilo,,,14/09/2026 13:12
ec4447e8-8188-4a75-b51d-2eb838ddfaaa,fraudulent.ca,resell,,,medium,low,10,CENTRALNIC CANADA INC,19/09/2018 19:24,19/09/2027 19:24,26/09/2026 06:14
b410dbe2-302e-4f24-b273-3108bcbf6f13,serie.ca,resell,,,medium,low,5,,,,28/09/2026 15:54
d58ba4ff-6f97-4406-80f4-b2b44b9f1f96,passe.ca,resell,,,medium,low,5,BareMetal.com inc,25/02/2026 19:00,25/02/2027 19:00,26/09/2026 08:03
8c22dd54-7ba5-4b4d-a6c1-0c77e03ecb77,henbane.ca,available,9.99,9.99,medium,low,7,namesilo,,,24/09/2026 00:54
a46dd95c-69c1-425f-ba34-80f9acb3dd17,mahoe.ca,available,11.98,14.98,medium,low,5,namecheap,,,21/09/2026 21:57
d7b2588a-c74e-4c1d-aabe-e632bd8a7283,antitoxin.ca,available,11.98,14.98,medium,low,9,namecheap,,,19/09/2026 15:12
bb658d81-9a4b-4adf-b112-73d1795e2a0c,duplicity.ca,available,9.99,9.99,medium,low,9,namesilo,,,14/08/2026 16:52
1db53078-f1ff-405b-a44f-8bafe59ca886,whiz.ca,resell,,,high,low,4,Grape Inc.,08/01/2003 17:01,08/01/2027 05:00,26/09/2026 10:09
462bfe1c-6172-4aed-9eed-6e39a32b7948,shaun.ca,resell,,,medium,low,5,,,,29/09/2026 03:45
780492a5-887f-48fc-9dd1-31d4dfda78b9,seventeenth.ca,available,9.99,9.99,medium,low,11,namesilo,,,01/10/2026 22:21
59472837-43b9-4624-b5d8-19f4e7a4c428,craving.ca,resell,,,high,low,7,,,,30/09/2026 01:09
b09f3a29-4230-4d9f-9f53-77cea33b5167,downloaded.ca,resell,,,medium,low,10,,,,30/09/2026 23:49
8220d9fa-0b1b-4b70-8b45-bc198edb6bd4,earful.ca,resell,,,medium,low,6,CENTRALNIC CANADA INC,28/11/2012 20:29,28/11/2026 20:29,26/09/2026 05:44
39fa67f0-c05a-440f-ae3b-874b968ddeb5,hardships.ca,available,9.32,9.32,low,low,9,spaceship,,,02/10/2026 03:06
4cdedf83-c275-47a2-90c2-8553c8368ea0,cymry.ca,available,9.99,9.99,medium,low,5,namesilo,,,13/09/2026 10:45
ea84e77a-7067-4001-8547-f5da91c963de,applies.ca,available,9.99,9.99,medium,low,7,namesilo,,,29/09/2026 05:00
bc078fd6-8fb6-4ae6-b360-edac6a2f1ebf,albeit.ca,available,8.66,9.17,low,low,6,porkbun,,,03/10/2026 06:51
c85de592-c5a7-4dd3-b410-bb538f07b185,genetical.ca,available,11.98,14.98,medium,low,9,namecheap,,,18/08/2026 21:37
4f8b228d-1f57-416e-992c-17827ee2d079,cashapp.ca,resell,,,high,high,8,,,,27/09/2026 09:22
a45e0a30-01a0-488c-9a95-43a6ed12c297,farthest.ca,available,9.99,9.99,medium,low,8,namesilo,,,24/09/2026 17:05
599dd7d5-4e17-4e5a-b4dd-072be36d58fa,lenient.ca,available,9.99,9.99,high,low,7,namesilo,,,22/08/2026 23:46
ac2921d3-20d8-480f-b1dc-5f8a382f0241,subfusc.ca,available,9.99,9.99,medium,low,7,namesilo,,,10/09/2026 23:47
381239ed-0a1f-46b7-a362-0a7ca04eadef,corsican.ca,available,9.99,9.99,medium,low,8,namesilo,,,13/08/2026 02:33
a0d47066-07e3-4a04-ba25-82e7a0dc4735,putty.ca,resell,,,high,low,5,,,,02/10/2026 16:28
ea316375-d4a2-4cec-ad6d-086ddd985e39,clr.ca,resell,,,high,low,3,,,,02/10/2026 18:47
105d7146-6193-43ee-b0df-8f60395476c3,insisted.ca,available,8.71,9.18,medium,low,8,porkbun,,,27/09/2026 23:35
c8d335bc-12ef-4478-a9f9-ef55e244b153,gown.ca,resell,,,high,low,4,,,,28/09/2026 05:51
4f9d213e-08fb-4215-a626-f41228da88bd,pet.ca,resell,,,high,medium,3,"Go Daddy Domains Canada, Inc",31/10/2000 04:22,02/03/2029 05:00,26/09/2026 08:07
aec68f4f-4c62-493c-a57a-f38c7eb4798f,affirmed.ca,available,16.99,16.99,high,low,8,name.com,,,17/09/2026 14:27
a3323b7d-dccc-44ed-8a41-bf37bb56c7e3,decelerate.ca,available,9.99,9.99,medium,low,10,namesilo,,,10/09/2026 11:21
8e8de69f-8b52-4435-8585-4bd37a70b33e,bor.ca,resell,,,high,low,3,,,,29/09/2026 02:55
dde47f32-1ea5-4f12-992c-018a35888e4b,bimanual.ca,available,9.99,9.99,medium,low,8,namesilo,,,09/08/2026 22:36
dba51d32-5010-4ac5-8d46-65f6f8cb74e6,rescuing.ca,available,9.99,9.99,high,low,8,namesilo,,,30/09/2026 14:58
a454fb77-aa01-4387-9757-d60884434ccc,meshing.ca,available,9.99,9.99,medium,low,7,namesilo,,,22/08/2026 08:10
85ceef74-f05b-4be7-84ff-2a1f1d9ac659,autarchic.ca,available,9.99,9.99,medium,low,9,namesilo,,,07/08/2026 18:36
635d77b8-b50f-4b61-add7-e99f4aa76624,pegged.ca,available,8.69,9.18,medium,low,6,porkbun,,,30/09/2026 16:20
ef1fba83-0537-47e0-b88e-103771efb022,hovers.ca,available,11.98,14.98,medium,low,6,namecheap,,,21/09/2026 10:26
29931881-1859-40eb-9d4c-81a338d5e3a4,unintentional.ca,available,9.32,9.32,medium,low,13,spaceship,,,02/10/2026 07:05
cffc41a8-f1bf-40f5-9420-2173a057cd81,taney.ca,available,9.32,9.32,medium,low,5,spaceship,,,02/10/2026 16:40
ea4b5fac-cec8-4cb9-8676-bfa5189539d2,biographer.ca,resell,,,high,low,10,WHC Online Solutions Inc.,29/07/2026 19:00,29/07/2027 19:00,26/09/2026 04:26
b0fa6e78-0a22-4e40-8755-cabe65da3e55,fundament.ca,available,9.99,9.99,low,low,9,namesilo,,,09/08/2026 10:59
bb328ee4-f379-4eec-9093-389150b03cd1,bombing.ca,available,9.99,9.99,medium,low,7,namesilo,,,27/09/2026 11:45
46d18869-276f-41c0-913f-13b96a9eaf9f,validated.ca,available,9.99,9.99,high,low,9,namesilo,,,13/09/2026 00:59
7d2dbdf8-6518-4c6e-ac30-8432e16cde0c,caused.ca,available,11.98,14.98,medium,low,6,namecheap,,,25/09/2026 18:57
7275d74d-6d12-4733-a735-a70b38eb65f2,otoscope.ca,resell,,,medium,low,8,Rebel.ca Corp.,27/01/2008 06:08,27/01/2027 05:00,26/09/2026 07:57
e6c8809d-521c-4d47-b111-eeb4fdef5e72,flaring.ca,available,9.99,9.99,high,low,7,namesilo,,,
63aaec56-7dc6-48c7-af91-0c5c4b1e5c86,cherubic.ca,available,9.99,9.99,medium,low,8,namesilo,,,12/08/2026 04:25
924ed4c6-58eb-45ee-8d00-07ce2dbdc6b9,colleagues.ca,available,9.99,9.99,medium,low,10,namesilo,,,18/09/2026 23:15
76b284eb-349f-4614-9362-cda76bb89dc3,suharto.ca,available,9.99,9.99,medium,low,7,namesilo,,,01/10/2026 03:56
7acd000a-1a18-411d-93f2-ca7c10b06924,lingering.ca,available,9.32,9.32,medium,low,9,spaceship,,,30/09/2026 10:28
2c3bd720-54bb-45b1-bfe9-18d195cec134,colonists.ca,available,9.32,9.32,low,low,9,spaceship,,,01/10/2026 16:49
87d09ccf-b970-4f72-aef1-2563682fe413,aberrance.ca,available,9.99,9.99,medium,low,9,namesilo,,,16/09/2026 15:12
27e61f16-c7a5-4f62-8d8d-e6b577889482,cuneiform.ca,available,9.99,9.99,medium,low,9,namesilo,,,13/08/2026 10:34
c95ccf9c-8fa5-412d-9965-1fb5497fb5a8,aboulic.ca,available,9.99,9.99,low,low,7,namesilo,,,
7b3401d4-5a96-414c-9c38-dfa9ed44bc46,farfetched.ca,available,9.99,9.99,medium,low,10,namesilo,,,17/08/2026 22:32
20b03d4e-b379-4cb3-befa-b7353ac5fa15,precedes.ca,available,9.19,9.19,medium,low,8,cloudflare,,,02/10/2026 22:47
40d8cb08-1db3-4696-995c-e8cd3a2703f8,concerted.ca,available,11.98,14.98,medium,low,9,namecheap,,,12/08/2026 20:06
5764a8b1-a196-46c0-8902-cfd800087af1,hem.ca,resell,,,medium,low,3,Namespro Solutions Inc.,03/01/2007 20:32,03/01/2027 05:00,26/09/2026 06:38
a09753fa-5a92-44f7-acdd-9d6aeb0c9810,hewett.ca,resell,,,medium,low,6,,,,02/10/2026 09:45
eff6fc1c-48ab-4f80-bc3c-d887df34eb9d,sister.ca,resell,,,high,low,6,"Go Daddy Domains Canada, Inc",23/02/2003 17:01,23/02/2028 05:00,26/09/2026 09:03
1c9d9226-3a39-4f74-9d26-2e1b1bd15660,talented.ca,resell,,,high,low,8,Rebel.ca Corp.,15/04/2009 20:05,15/04/2027 04:00,26/09/2026 09:30
60bc86ac-b4e5-44fa-bc45-a770c8bcbac9,attachable.ca,available,9.99,9.99,medium,low,10,namesilo,,,07/08/2026 15:36
060cb9d8-72bf-4c5e-9267-006e3d6c2c09,vientiane.ca,available,9.32,9.32,high,low,9,spaceship,,,01/10/2026 01:16
9dd76798-82ed-4e03-99fb-af1b4c6f8062,agon.ca,resell,,,high,low,4,BareMetal.com inc,06/04/2022 19:00,06/04/2027 19:00,26/09/2026 01:26
23af9715-36be-4102-baba-861d7e915c66,dress.ca,resell,,,high,low,5,Grape Inc.,24/01/2002 15:02,24/01/2027 05:00,26/09/2026 05:41
a126deb0-ac2e-4cec-8694-0fe4c2e2df2a,belloc.ca,available,9.99,9.99,medium,low,6,namesilo,,,23/09/2026 06:16
ad226081-bc96-44db-ba30-ee570afbcc7e,basilar.ca,available,9.99,9.99,medium,low,7,namesilo,,,08/08/2026 22:16
225b88af-5f1b-4c0c-92d3-0faa3ccbb271,cytotoxic.ca,available,16.99,16.99,medium,low,9,name.com,,,13/08/2026 14:44
63cd3ef9-893d-43e4-bcf5-faf3e0ba7819,repercussions.ca,available,9.19,9.19,low,low,13,cloudflare,,,02/10/2026 03:41
eed81307-ab68-4caf-955b-b03f7b2492f0,firms.ca,resell,,,medium,low,5,,,,29/09/2026 17:52
06a8203c-0846-4389-87a0-de22bc4193b7,les.ca,resell,,,medium,low,3,"Go Daddy Domains Canada, Inc",20/04/2016 19:46,20/04/2027 19:46,01/10/2026 01:13
3c1aafbf-2ae9-4ac2-acc7-79cb6cfdb4c2,noting.ca,available,8.66,9.17,medium,low,6,porkbun,,,03/10/2026 03:04
66df58aa-7601-4882-9582-f36ff2b0706a,undulate.ca,available,9.99,9.99,medium,low,8,namesilo,,,12/09/2026 08:33
9bb389d5-6cb4-4f42-b106-3b51d3ac8973,athanasius.ca,available,11.98,14.98,medium,low,10,namecheap,,,20/09/2026 20:26
2c63b006-908b-4019-92ac-33d54c13fe33,blackness.ca,available,9.99,9.99,medium,low,9,namesilo,,,10/08/2026 10:54
ce9649d6-27fb-47a3-acba-e1a60b17d328,addible.ca,available,9.99,9.99,medium,low,7,namesilo,,,
8c965103-2eb2-4ee9-8cf9-3c9a68e16f22,serrate.ca,available,9.99,9.99,medium,low,7,namesilo,,,03/09/2026 22:06
91f7af0b-611a-4232-8818-41473979b4be,quickness.ca,available,9.32,9.32,high,low,9,spaceship,,,28/09/2026 18:29
f10b8108-a25d-4c41-8758-5979cc64be58,filling.ca,resell,,,high,low,7,MyID.ca INC.,14/02/2018 20:29,14/02/2027 20:29,26/09/2026 06:04
b7d5fe94-adb1-480d-beb8-23633e5693ad,sphingine.ca,available,9.99,9.99,medium,medium,9,namesilo,,,10/09/2026 15:32
a1e4d3f7-b838-4fd9-876e-2c2d84b94ebf,antinode.ca,available,9.99,9.99,medium,low,8,namesilo,,,19/09/2026 14:48
dc78a01d-3c8a-4c83-a81d-5e9e96435c62,goony.ca,available,11.98,14.98,medium,low,5,namecheap,,,23/09/2026 23:48
23404c45-8c1d-45d0-b538-ecceae9202fc,woeful.ca,available,9.99,9.99,medium,low,6,namesilo,,,17/08/2026 16:46
23a437fc-8abc-47e1-b926-4cb067181cf8,cincinnati.ca,resell,,,high,low,10,WHC Online Solutions Inc.,12/08/2020 19:00,12/08/2027 19:00,29/09/2026 09:12
47862765-d01d-423a-8a5e-a5a8c956816b,northwood.ca,resell,,,medium,low,9,,,,02/10/2026 01:04
222ac15c-499b-45c7-957a-f2cf12ecc437,wryly.ca,available,9.99,9.99,medium,low,5,namesilo,,,16/09/2026 11:46
755791f3-6ab1-41f1-9f07-fb948e243ff9,songster.ca,available,9.99,9.99,medium,low,8,namesilo,,,21/09/2026 22:38
c826d86b-5fa5-473c-8e1f-bda0b1f200a7,jogging.ca,resell,,,high,low,7,,,,30/09/2026 02:05
ac8cdafd-b11f-4140-95ba-d539359b27de,fictive.ca,available,9.99,9.99,medium,low,7,namesilo,,,07/08/2026 07:55
ab32c15e-b0af-4e6c-a1dc-828609a6eddf,slimed.ca,available,9.99,9.99,low,low,6,namesilo,,,10/09/2026 10:57
c4dc2148-ad54-41aa-9538-792119aa48b8,atomism.ca,available,9.99,9.99,medium,low,7,namesilo,,,21/09/2026 00:24
3926b1be-3844-4268-99f4-f65bbf79fe46,concede.ca,available,11.98,14.98,high,low,7,namecheap,,,01/10/2026 04:09
2ec755cd-6b18-4e4b-8eb7-d082528c70a4,sulky.ca,available,9.99,9.99,medium,low,5,namesilo,,,20/08/2026 14:46
a5ddc612-c03c-4a31-a49e-af27853f9a55,outdoor.ca,resell,,,high,low,7,,,,01/10/2026 02:25
cba31815-0fe2-4f93-a9d8-4e51a1fdf5b0,appointed.ca,available,9.99,9.99,medium,low,9,namesilo,,,06/08/2026 07:21
9ae127dc-e215-46d5-9908-79a0b7f5649e,jumper.ca,resell,,,medium,low,6,,,,29/09/2026 01:28
cc7ea887-015c-4930-87b4-45a6d15d9910,getatable.ca,available,9.99,9.99,medium,low,9,namesilo,,,18/08/2026 23:00
e963f999-8d7e-476d-97bc-7c94db2291fc,shanghai.ca,resell,,,high,low,8,,,,29/09/2026 08:03
d66fa6eb-56a1-4419-ae9e-73e26652281f,aesthesis.ca,available,9.99,9.99,medium,low,9,namesilo,,,17/09/2026 13:32
6ef00062-5369-4ed8-945e-50b228c3f431,pills.ca,resell,,,medium,low,5,Grape Inc.,09/11/2000 04:42,01/12/2026 05:00,26/09/2026 08:09
ad0cab6c-5b8c-4c11-87d0-07d7aed13a9a,joey.ca,resell,,,high,low,4,Grape Inc.,08/01/2003 17:01,08/01/2027 05:00,26/09/2026 07:01
8f9c879a-8f96-4401-8618-d9c821fc49c2,proficiency.ca,resell,,,high,low,11,WHC Online Solutions Inc.,03/05/2019 01:23,03/05/2027 01:23,26/09/2026 08:21
2089995f-bbc1-4ae5-8f18-fb3067047d7d,cursively.ca,available,9.99,9.99,medium,low,9,namesilo,,,14/09/2026 10:07
1c287475-cf01-4e69-9726-87794ac85d94,deportation.ca,resell,,,medium,low,11,,,,29/09/2026 23:26
8c0bbb23-0b84-4fa8-aca0-095c277c2872,dandyish.ca,available,16.99,16.99,medium,low,8,name.com,,,13/08/2026 17:03
d097a7a5-094b-4708-b412-7f801bfc7b37,seconds.ca,resell,,,high,low,7,Grape Inc.,19/05/2010 19:20,19/05/2027 04:00,26/09/2026 08:53
6c0299b4-d831-46e1-98f9-549e473d1c5a,docile.ca,resell,,,medium,low,6,CENTRALNIC CANADA INC,28/09/2022 19:00,28/09/2027 19:00,26/09/2026 05:37
da964e4c-76ce-4b9b-93ef-85a704317775,pollution.ca,resell,,,medium,low,9,WHC Online Solutions Inc.,11/12/2024 19:00,11/12/2026 19:00,26/09/2026 08:14
0e23d1f0-00d2-4455-91ee-bbe96858e4cf,tolerable.ca,available,9.99,9.99,medium,low,9,namesilo,,,24/09/2026 16:18
667ffefa-3a2c-4422-a290-b6f0bed0da5d,proustian.ca,available,9.99,9.99,medium,low,9,namesilo,,,09/09/2026 04:22
9b278bb7-2ae8-4c83-8030-2203af6d694c,fascist.ca,available,9.99,9.99,medium,low,7,namesilo,,,17/08/2026 22:58
00c531e0-5b19-4b68-89b9-7b5df68031a3,cypriot.ca,available,16.99,16.99,medium,low,7,name.com,,,13/08/2026 14:08
8503b946-352f-4209-8037-760e899e9691,monticello.ca,resell,,,medium,low,10,,,,28/09/2026 12:25
a5bf65d1-37dc-40ac-a18b-b06f8ef9c65f,decompose.ca,available,9.19,9.19,medium,low,9,cloudflare,,,03/10/2026 00:26
229df819-816b-4cb6-81d0-ad0435606c18,generic.ca,resell,,,high,low,7,"Go Daddy Domains Canada, Inc",24/01/2002 15:20,24/01/2027 05:00,02/10/2026 11:16
173fcba4-d25d-4f5a-a62f-571969e4bc10,pentad.ca,available,9.99,9.99,medium,low,6,namesilo,,,
f020b4e2-2320-4907-abeb-171b81da34aa,excursion.ca,resell,,,high,low,9,"Go Daddy Domains Canada, Inc",02/01/2005 19:00,02/01/2027 05:00,29/09/2026 18:22
baae0627-f249-4985-92e8-8e9592b5b2cb,tenthly.ca,available,11.98,14.98,low,low,7,namecheap,,,16/09/2026 08:21
397481b9-16ed-4907-a326-5b18de31653e,flashes.ca,available,9.32,9.32,medium,low,7,spaceship,,,29/09/2026 10:47
ed99a372-840b-4041-a081-a8bf36568804,scrub.ca,resell,,,high,low,5,Register.ca Inc.,13/05/2026 19:00,13/05/2027 19:00,27/09/2026 18:50
43f1d170-a750-4d77-849d-be3461fda302,blazonry.ca,available,9.99,9.99,medium,low,8,namesilo,,,24/09/2026 05:06
c92a92a1-120d-40ac-9890-f72ac6aa7123,nmda.ca,available,9.19,9.19,medium,low,4,cloudflare,,,02/10/2026 12:45
d3434a1b-89ec-4601-bf09-98453cd830c1,mutualist.ca,available,9.99,9.99,medium,low,9,namesilo,,,22/08/2026 07:59
170b09fc-adb0-4255-abc7-3fb89ed568b3,winy.ca,available,9.99,9.99,medium,low,4,namesilo,,,13/09/2026 12:25
a7d36db7-39f6-46c9-8e99-0c9ac2d65431,fulminant.ca,available,11.98,14.98,medium,low,9,namecheap,,,18/08/2026 18:18
52cf7c1f-e595-4fd1-8a73-58639da95593,shyly.ca,available,9.99,9.99,medium,low,5,namesilo,,,13/09/2026 23:37
1aa0c938-d6d6-4336-9a4e-a61490c93a89,diocesan.ca,available,9.99,9.99,medium,low,8,namesilo,,,14/08/2026 08:18
a341f459-1160-4bde-b5aa-abd5be9aa2d3,basotho.ca,available,9.99,9.99,medium,low,7,namesilo,,,22/09/2026 11:35
f2232bb1-4998-4769-9f28-e230ceac67d1,flattened.ca,available,9.99,9.99,medium,low,9,namesilo,,,18/08/2026 06:55
5590019d-957e-4e40-88d7-824ffed3b27d,voidable.ca,available,9.99,9.99,medium,low,8,namesilo,,,09/09/2026 14:47
ab66e1ea-c31c-4663-88f3-919508571cac,medicines.ca,resell,,,medium,low,9,,,,30/09/2026 06:22
65a0b68e-6ff0-4996-9423-dfbae02217bd,enlivened.ca,available,9.99,9.99,medium,low,9,namesilo,,,17/08/2026 09:37
a45b74b2-bec6-41b4-a250-da1edbdbab6b,smokey.ca,resell,,,high,low,6,,,,02/10/2026 19:03
5c754504-25fe-49f9-bd74-03fce4fd65ba,unbound.ca,resell,,,high,low,7,"Go Daddy Domains Canada, Inc",03/02/2006 02:43,02/02/2028 05:00,26/09/2026 09:50
274d0ab0-1dd2-4040-a5b7-270e7c25cc20,acyclovir.ca,available,9.99,9.99,medium,low,9,namesilo,,,17/09/2026 05:41
7fc0c2e0-a2c2-4c8c-a739-fe1ad65c8839,tumescent.ca,available,9.99,9.99,medium,low,9,namesilo,,,22/08/2026 08:52
ae1c079a-b75a-45c0-91a5-f6ea0b3479aa,traverse.ca,resell,,,high,low,8,BareMetal.com inc,15/04/2026 19:00,15/04/2027 19:00,26/09/2026 09:44
184813ce-2922-4344-960f-d41241b5665d,grants.ca,resell,,,medium,low,6,,,,29/09/2026 09:56
3a27647a-aa42-4aaa-9eff-4ed7aa10788f,presiding.ca,available,9.32,9.32,medium,low,9,spaceship,,,29/09/2026 16:06
8ba62ae2-0aa0-4dbb-87e4-27ff64912b83,wald.ca,resell,,,high,low,4,,,,29/09/2026 21:04
e498da8e-c1ea-4b25-926a-982296b2cc1d,article.ca,resell,,,high,low,7,BareMetal.com inc,13/02/2002 17:34,13/02/2027 05:00,26/09/2026 04:02
86199b3d-3eac-4e22-a8d6-0dd83386656f,repentant.ca,available,9.99,9.99,medium,low,9,namesilo,,,08/09/2026 14:32
9992de8b-1522-4532-b2a7-477a1cd9c956,anaphase.ca,available,9.99,9.99,medium,low,8,namesilo,,,19/09/2026 02:09
f0cef47b-7ed0-4df7-b148-c20dd43fcd03,repellant.ca,available,9.99,9.99,medium,low,9,namesilo,,,14/08/2026 10:41
a6bab5db-ae64-4819-a04b-ab576cd81499,regretful.ca,available,9.99,9.99,high,medium,9,namesilo,,,09/09/2026 13:00
748c7ca6-3472-4c99-ab0c-a72f0dfd8c3a,cationic.ca,available,9.99,9.99,medium,low,8,namesilo,,,11/08/2026 22:07
40a3aa02-af38-4de2-b9ae-980a00fa60e3,breezily.ca,available,9.99,9.99,medium,low,8,namesilo,,,14/09/2026 01:28
11119d16-72cc-4689-a74d-b8ce0bf41fd8,backplate.ca,available,9.99,9.99,medium,low,9,namesilo,,,21/09/2026 15:46
fd16c85a-3c90-4ee8-a1f3-5939aa9ce2c4,adopter.ca,resell,,,medium,low,7,WHC Online Solutions Inc.,22/07/2026 19:00,22/07/2027 19:00,26/09/2026 01:23
c4a2736a-0aa5-43d4-bf81-90fdf04bc053,menacingly.ca,available,9.99,9.99,low,low,10,namesilo,,,15/09/2026 14:03
d31acda6-3185-4733-9e8f-24ce63fbb816,alienator.ca,available,9.99,9.99,medium,low,9,namesilo,,,18/09/2026 07:36
3a5be4f1-736f-4344-937c-e8d6bb7f9d76,allegedly.ca,available,11.98,14.98,medium,low,9,namecheap,,,13/09/2026 19:04
3d41d992-0c16-435e-88a0-2cd030a8128a,conic.ca,available,11.98,14.98,high,low,5,namecheap,,,12/08/2026 20:39
8f641c19-a171-4979-a589-0cbfbcb45b8a,adulthood.ca,resell,,,high,low,9,WHC Online Solutions Inc.,06/04/2006 20:48,06/04/2027 04:00,26/09/2026 01:23
43baf350-0226-45a3-9d13-72de1b9cc6a7,laying.ca,available,9.99,9.99,high,low,6,namesilo,,,25/09/2026 22:34
a5b2ec82-d93e-4469-a1dd-56ef4246064c,orbicular.ca,available,9.99,9.99,medium,low,9,namesilo,,,08/08/2026 10:11
8bea9ff2-d978-4be0-8985-1641f13dc4a0,alarm.ca,resell,,,high,low,5,"Go Daddy Domains Canada, Inc",24/01/2002 14:20,24/01/2027 05:00,26/09/2026 01:28
a2539747-48d8-471f-ad47-01e2994daff6,clashing.ca,available,9.99,9.99,medium,low,8,namesilo,,,12/08/2026 09:40
1e33c1ec-8fee-47e2-b535-1fbf3090fa29,tolerated.ca,available,9.99,9.99,medium,low,9,namesilo,,,30/09/2026 12:15
84d3763c-5c8e-4c3f-aaa7-1ad1fdb145b2,squeamish.ca,available,11.98,14.98,medium,low,9,namecheap,,,04/09/2026 21:24
63501b8b-425b-41d5-bb02-7f5cd5e55e62,motorcycle.ca,resell,,,high,low,10,WHC Online Solutions Inc.,18/02/2026 19:00,18/02/2027 19:00,30/09/2026 22:56
49861ffe-be15-434a-9c95-b723f0197b5b,plo.ca,resell,,,medium,low,3,,,,28/09/2026 10:40
246d0537-f868-4431-8627-179a9a3e3e93,excluding.ca,available,9.32,9.32,medium,low,9,spaceship,,,30/09/2026 03:59
b8a07761-a86c-4a75-94fc-fe2e2a8b9020,arteries.ca,available,9.32,9.32,low,low,8,spaceship,,,30/09/2026 06:28
79740341-f510-4e41-9ec2-fd65913d8251,along.ca,resell,,,high,high,5,Namespro Solutions Inc.,13/05/2006 15:39,13/05/2027 04:00,26/09/2026 03:48
6567b448-ecfb-4b43-ad05-5105fe299306,roofless.ca,available,9.99,9.99,medium,low,8,namesilo,,,14/08/2026 12:09
09bcb8ee-f9c5-482c-9a5b-4c96e4aafa30,guadeloupe.ca,resell,,,high,high,10,,,,29/09/2026 01:10
de0576f4-21a0-4fbc-9964-be6131e1a944,tenured.ca,available,9.99,9.99,medium,low,7,namesilo,,,11/09/2026 11:43
941cb483-56ee-4085-8536-fcf805203799,limiting.ca,available,9.99,9.99,high,low,8,namesilo,,,23/09/2026 19:42
62de703b-08c6-4255-bf1d-1f0c9df08a2e,imbalance.ca,available,16.99,16.99,medium,low,9,name.com,,,20/09/2026 18:40
61f22322-0070-4c19-a20e-2c86e45bdcf2,norway.ca,resell,,,high,high,6,,,,29/09/2026 13:14
58935065-54cf-41c2-b1e5-24eadcff3b76,souvenir.ca,resell,,,high,low,8,,,,29/09/2026 07:24
39662185-aed5-4c92-8885-f29bc49f8710,enumerable.ca,available,9.99,9.99,medium,low,10,namesilo,,,13/08/2026 03:30
5a39b77b-04cf-43f2-b9a1-f4e74bf776cb,exclaimed.ca,available,9.99,9.99,low,low,9,namesilo,,,18/09/2026 01:31
7dedbfa7-d255-4f65-96df-e7b32de5522d,raine.ca,resell,,,high,low,5,,,,02/10/2026 19:55
0f446eaa-32de-4fe3-a201-b2f36e6109fa,immortal.ca,resell,,,high,low,8,"Go Daddy Domains Canada, Inc",18/01/2017 20:30,18/01/2028 20:30,26/09/2026 06:48
e982b7c5-f584-40a8-a452-8d91efba34b7,stepaside.ca,available,9.99,9.99,medium,low,10,namesilo,,,16/09/2026 15:09
315afddd-e27c-4ad8-8467-9b60c8478585,horsehead.ca,available,9.99,9.99,medium,low,9,namesilo,,,20/09/2026 21:40
00c0f43f-d259-4478-91e6-01ac0198ae62,comestible.ca,available,9.99,9.99,medium,low,10,namesilo,,,12/08/2026 18:45
03f21506-13c5-4a21-9079-73f9595eb113,homes.ca,resell,,,high,low,5,CanSpace Solutions Inc.,25/09/2000 16:10,18/04/2027 04:00,26/09/2026 06:42
0c8beaa8-3f9c-4563-8faf-ec81765c1cc8,newburgh.ca,available,9.99,9.99,high,low,8,namesilo,,,29/09/2026 07:44
d4e312dd-f683-4ad6-82d9-1d5b88137325,nep.ca,resell,,,high,low,3,,,,03/10/2026 03:17
6acab706-59ec-4fdb-b608-c4db96198cca,reacting.ca,available,9.99,9.99,medium,low,8,namesilo,,,30/09/2026 15:00
ee4e0e5e-eb07-498f-ac3b-28f0fa4952fc,shriek.ca,available,9.99,9.99,medium,low,6,namesilo,,,09/09/2026 23:53
47f51080-a713-4e90-a8b2-dca07a5f8690,femoral.ca,available,9.99,9.99,medium,low,7,namesilo,,,18/08/2026 01:05
49bce661-6404-4310-92c1-8ef0666f5c50,augean.ca,available,9.99,9.99,medium,low,6,namesilo,,,07/08/2026 16:54
ae6f0c28-1e7d-4248-8409-45f205c13672,wellborn.ca,available,9.99,9.99,medium,low,8,namesilo,,,13/09/2026 10:42
25c0f75a-8a47-413d-8680-23bcdbb70771,sight.ca,resell,,,high,low,5,MyID.ca INC.,24/01/2002 15:49,24/01/2027 05:00,26/09/2026 09:01
0f9b0060-d3f5-4524-b821-2ccb9719d82f,heuristic.ca,resell,,,high,low,9,Namespro Solutions Inc.,14/12/2011 20:37,14/12/2026 20:37,26/09/2026 06:39
1a689c8b-ff93-4c39-8e06-7a6a0670a859,delegates.ca,available,9.99,9.99,medium,low,9,namesilo,,,29/09/2026 17:31
071e0b46-eee4-4019-ac56-eadbf72ad2bc,piebald.ca,available,9.99,9.99,medium,low,7,namesilo,,,03/09/2026 10:37
d9025848-a9e1-4386-a013-e8d46b4bb1e5,cuny.ca,available,9.32,9.32,medium,low,4,spaceship,,,01/10/2026 06:47
ba883ded-5381-4114-812b-8392a5a0e5d2,plugging.ca,available,9.32,9.32,medium,low,8,spaceship,,,02/10/2026 18:31
5ea23e1a-9a46-4c01-9ca7-13e858039b23,recruitment.ca,resell,,,high,low,11,,,,29/09/2026 15:56
77670ec4-21da-49bc-a1cc-bc18e46d2fb1,judy.ca,resell,,,high,low,4,Grape Inc.,08/01/2003 17:00,08/01/2027 05:00,26/09/2026 07:02
1a32b301-367e-4be8-b704-37923015f533,nattily.ca,available,9.99,9.99,medium,low,7,namesilo,,,15/09/2026 16:12
2ff6edcf-ae81-4531-a77b-d45a03f9c272,tazewell.ca,available,9.99,9.99,medium,low,8,namesilo,,,02/10/2026 10:32
5086f94c-ba75-4d10-aea6-f46dbf7b6c31,armiger.ca,available,9.99,9.99,medium,low,7,namesilo,,,20/09/2026 06:59
3855aff3-e560-42d4-afa5-4dbeba98b962,transmitting.ca,available,9.32,9.32,medium,low,12,spaceship,,,29/09/2026 10:14
a9c86f18-6162-40d6-8b79-7ee8c4760ffd,barnburner.ca,resell,,,medium,low,10,WHC Online Solutions Inc.,23/08/2023 19:00,23/08/2027 19:00,26/09/2026 04:16
9e104516-b75a-4494-9604-7edbbca6aaf4,antedon.ca,available,9.99,9.99,medium,low,7,namesilo,,,19/09/2026 12:48
ed37f32f-409f-437b-8f2b-a1c8be114d82,authorised.ca,available,9.99,9.99,high,low,10,namesilo,,,22/09/2026 13:51
262d4a5a-77f0-4ca8-9df7-b438a8b0de22,neolithic.ca,available,9.99,9.99,medium,low,9,namesilo,,,03/09/2026 15:25
952e5cd0-9f5e-4971-b45e-84354b65deb6,honegger.ca,available,9.99,9.99,medium,low,8,namesilo,,,20/09/2026 10:55
53441117-f2d4-4366-8ad5-66e7cede906b,users.ca,resell,,,medium,low,5,CENTRALNIC CANADA INC,24/06/2015 21:08,24/06/2027 21:08,26/09/2026 09:55
245c6612-34d0-4ca0-b1b9-0f184ffd9e75,visored.ca,available,9.99,9.99,medium,low,7,namesilo,,,13/09/2026 06:15
a5ee943b-5fba-4553-b7ef-b53362a7f3c7,overstatement.ca,available,14.98,,medium,low,13,namecheap,,,
63fc6ef4-58a1-47fe-acde-886d3d999ed1,brith.ca,available,9.99,9.99,medium,low,5,namesilo,,,23/09/2026 09:27
a0222f6d-5efd-4b36-b82d-cebaac2db83b,pentium.ca,resell,,,high,low,7,BareMetal.com inc,04/03/2026 19:00,04/03/2027 19:00,01/10/2026 11:44
98c5e94c-a0ce-486f-a36f-33b1fc323c0a,monogamous.ca,available,9.99,9.99,medium,low,10,namesilo,,,25/08/2026 05:11
d4e912f4-c317-4566-8649-9c55d49507b7,polyphonic.ca,available,9.99,9.99,medium,low,10,namesilo,,,08/09/2026 23:27
dbd78976-3bbc-41b3-820a-90762421bda3,multimedia.ca,resell,,,high,low,10,,,,30/09/2026 02:20
93ed840c-862b-45a9-a55d-b84c14ad46d3,arctium.ca,available,9.99,9.99,medium,low,7,namesilo,,,20/09/2026 02:49
415cbdc4-2250-455d-9e83-052283024c17,weighing.ca,available,11.98,14.98,high,low,8,namecheap,,,17/09/2026 11:27
7b144f37-1d92-4b13-946a-f94c54587271,subacid.ca,available,9.99,9.99,medium,low,7,namesilo,,,10/09/2026 23:22
8c579519-c9b7-4f02-a2df-8786437a4419,anopheles.ca,available,9.99,9.99,medium,low,9,namesilo,,,19/09/2026 11:39
bc5cb741-7264-4381-b276-d682c5b99ddc,projecting.ca,available,9.99,9.99,high,low,10,namesilo,,,22/08/2026 14:48
6660924a-4cea-4212-a63d-995efef68616,indefinitely.ca,available,9.19,9.19,medium,low,12,cloudflare,,,28/09/2026 22:50
daca0be5-7ccf-4848-8aca-3189fe0c2559,squawker.ca,available,9.99,9.99,medium,low,8,namesilo,,,23/09/2026 06:50
f94ed7c3-e116-4b87-ab27-b0ddbf3bc502,phycology.ca,available,9.99,9.99,medium,low,9,namesilo,,,18/09/2026 07:09
6edfcdbd-beac-481a-bf3f-9141c6dde4dc,aston.ca,resell,,,high,low,5,,,,28/09/2026 07:29
363f01a6-2fa4-4c83-860a-2c2d61a47e00,entitlements.ca,available,8.49,13.99,medium,low,12,godaddy,,,01/10/2026 00:42
da6554a2-0c8a-4d6e-a315-72a8d6ebb262,citing.ca,available,9.19,9.19,high,low,6,cloudflare,,,01/10/2026 06:07
33e414d9-acf2-4521-a9c8-852d9791902d,bowelless.ca,available,9.99,9.99,medium,medium,9,namesilo,,,10/08/2026 23:08
dd06315b-1806-4359-8b6b-b94d75da8f77,saline.ca,resell,,,high,medium,6,WHC Online Solutions Inc.,23/11/2007 16:59,23/11/2026 05:00,26/09/2026 08:47
3d308ca1-c041-4a77-a40a-8b9f0d3bfc77,plausibly.ca,available,9.99,9.99,medium,low,9,namesilo,,,14/09/2026 09:28
c38aec0f-639c-469c-add8-62bc1aa00f1a,postmortal.ca,available,9.99,9.99,low,low,10,namesilo,,,09/09/2026 00:33
dbae767f-9bf3-45e1-bce7-99f4ecbbe95c,injunction.ca,resell,,,medium,low,10,,,,29/09/2026 18:16
fc71eb3b-3c86-49a9-9df3-c8f1f8e4d073,centralia.ca,available,9.99,9.99,medium,low,9,namesilo,,,02/10/2026 10:19
266bb686-db9f-4f69-af0f-f88094b88593,rig.ca,resell,,,high,low,3,MyID.ca INC.,08/01/2003 17:02,08/01/2027 05:00,26/09/2026 08:41
ca392b16-f481-41c0-bf09-b66c1dcacfd5,tined.ca,available,9.99,9.99,medium,low,5,namesilo,,,09/09/2026 03:20
2a3584f5-50ce-47d3-b167-23ddd2641a8f,rennes.ca,available,9.32,9.32,high,low,6,spaceship,,,30/09/2026 04:34
faf27157-09fa-4d11-b589-601f94254e80,overwhelming.ca,available,9.99,9.99,high,low,12,namesilo,,,28/09/2026 07:20
c46830aa-4e02-43d0-a9e3-f372000f90fe,kalimantan.ca,available,9.19,9.19,high,low,10,cloudflare,,,01/10/2026 18:45
4a50de67-2680-41d1-832b-97bf59981a54,hyperfine.ca,available,9.99,9.99,medium,low,9,namesilo,,,21/08/2026 16:48
7c4689fa-f4df-418d-aff7-ba7147b55992,bledsoe.ca,available,11.98,14.98,medium,low,7,namecheap,,,02/10/2026 00:49
7fd22478-6a65-4878-ac57-08cdb74edf79,aphonic.ca,available,9.99,9.99,medium,low,7,namesilo,,,05/08/2026 23:17
638b0306-930e-4c10-8f92-b71ed9f18a47,taxpaying.ca,available,9.99,9.99,medium,low,9,namesilo,,,11/09/2026 09:32
320b0790-b1a1-480c-b1e3-35dcc87f7373,markedly.ca,available,9.99,9.99,medium,low,8,namesilo,,,15/09/2026 13:31
62131b4a-1727-4f61-acf9-13377dbc75ae,unalarming.ca,available,9.99,9.99,medium,low,10,namesilo,,,12/09/2026 00:14
e001c04e-96de-4e3c-9b3d-2bf014f50587,ransomed.ca,available,9.99,9.99,high,medium,8,namesilo,,,09/09/2026 10:17
76d18194-a85b-450d-889e-b73a4b9b5e16,aflatoxin.ca,available,9.99,9.99,medium,low,9,namesilo,,,17/09/2026 15:06
21886922-2527-4aa0-bb11-e166d4285b62,agrostemma.ca,available,11.98,14.98,medium,low,10,namecheap,,,17/09/2026 19:51
6d586fc1-a734-47c9-a1d1-73a5d178b92d,crater.ca,resell,,,medium,low,6,,,,29/09/2026 06:27
8897e0ab-04f3-4b96-865a-9c187664d163,spurting.ca,available,9.99,9.99,medium,low,8,namesilo,,,22/08/2026 13:13
a576894f-e0fd-4777-8409-9ed05a70be8e,collapsing.ca,available,11.98,14.98,low,low,10,namecheap,,,20/09/2026 17:39
3fcfb43f-9615-4471-82ef-743de0b51799,microwave.ca,resell,,,high,low,9,BareMetal.com inc,08/01/2003 17:01,08/01/2027 05:00,30/09/2026 04:20
c0e0f4eb-3baf-4197-89ad-5a7d691a3271,vanishing.ca,available,9.32,9.32,medium,low,9,spaceship,,,29/09/2026 20:33
faf0b280-d219-4f65-802c-a0ca36e88ec4,piles.ca,resell,,,high,low,5,"Go Daddy Domains Canada, Inc",24/04/2019 19:00,24/04/2027 19:00,26/09/2026 08:09
4c6ca5d2-3587-42c8-9ae3-6b466413d4fc,keyset.ca,available,9.99,9.99,low,low,7,namesilo,,,21/09/2026 00:17
ef34508d-dc65-4685-8806-471425d8fb71,collector.ca,resell,,,high,low,9,Grape Inc.,01/02/2001 17:22,01/02/2028 05:00,26/09/2026 05:07
b0b80709-80b9-4b88-a0da-0fa1d2736caf,replying.ca,available,9.99,9.99,medium,low,8,namesilo,,,18/09/2026 12:55
0a2d6ec1-c53b-4bed-aa61-f14da20fd2b6,unleavened.ca,available,9.99,9.99,medium,low,10,namesilo,,,12/09/2026 14:46
c4e908aa-68e0-41ea-a8bd-d5ba5aa2c30f,insofar.ca,available,9.99,9.99,medium,low,7,namesilo,,,15/09/2026 06:43
0753cefa-e40c-4820-b4ba-7e265a537a8d,delegate.ca,resell,,,high,low,8,MyID.ca INC.,24/01/2018 20:19,24/01/2027 20:19,26/09/2026 05:28
463af8e6-96d9-405b-9011-37f6c6dba118,gum.ca,resell,,,high,low,3,"Go Daddy Domains Canada, Inc",24/01/2002 15:16,24/01/2027 05:00,26/09/2026 06:32
c3ab1996-d123-45a9-9b99-532d9c6ae7f1,plateau.ca,resell,,,high,low,7,,,,30/09/2026 18:21
d56823f0-e57d-4029-8a98-2b31f0e0f08c,acetate.ca,available,9.99,9.99,medium,low,7,namesilo,,,17/09/2026 00:03
e0d753be-17a1-4da1-b864-f6c80d4b1450,pulaski.ca,available,11.98,14.98,medium,low,7,namecheap,,,28/09/2026 07:23
8d8407cd-58d8-4d32-9449-5fb4811028e4,ferrous.ca,resell,,,medium,low,7,BareMetal.com inc,23/06/2021 19:00,23/06/2027 19:00,26/09/2026 06:03
ceb5b258-d1a7-4964-b84c-acea5862ce3e,ostensive.ca,available,9.99,9.99,medium,low,9,namesilo,,,04/09/2026 18:31
bbd8fce7-59a8-4945-a4cf-ce617abc8864,meanly.ca,available,9.99,9.99,medium,low,6,namesilo,,,13/09/2026 23:32
ef398615-4099-4d6f-b1de-fabc5e015df9,filiform.ca,available,9.99,9.99,medium,low,8,namesilo,,,18/08/2026 04:04
9120e4dd-964c-48db-8c1e-04fd2573233c,nafud.ca,available,9.99,9.99,medium,low,5,namesilo,,,19/09/2026 00:44
b7236c68-51bd-438c-a266-3acefdd45eb8,netted.ca,available,9.99,9.99,medium,low,6,namesilo,,,03/09/2026 16:02
a7a122c9-49f9-4ec5-96d3-3d4ab034ebff,powerless.ca,available,9.99,9.99,high,medium,9,namesilo,,,09/09/2026 00:56
292101fa-6feb-4ec2-8e7a-4913e374fd5f,plutonian.ca,available,11.98,14.98,medium,low,9,namecheap,,,20/08/2026 21:34
28cf75a0-020e-4e1d-b5c7-8f2f3a4706eb,sluttish.ca,available,9.99,9.99,medium,low,8,namesilo,,,10/08/2026 15:45
28feb657-d788-4843-aaeb-6f5d098af60f,piscatory.ca,available,11.98,14.98,high,medium,9,namecheap,,,08/09/2026 19:59
177e5584-c11e-498c-a683-00d9a076e58e,embodied.ca,resell,,,high,low,8,"Go Daddy Domains Canada, Inc",11/10/2021 19:46,11/10/2027 19:46,26/09/2026 05:48
a93205e1-ffb5-4197-9e2d-dcecc7dd3211,gripping.ca,available,9.99,9.99,high,low,8,namesilo,,,21/09/2026 15:05
cacd5faa-7d66-434a-80f9-6b86d0304ca3,burnished.ca,available,9.99,9.99,medium,low,9,namesilo,,,11/08/2026 10:59
cf368576-b539-4ea2-a3e0-ecfa9ae99373,sterilised.ca,available,11.98,14.98,medium,low,10,namecheap,,,10/09/2026 20:13
99a778f7-efb7-4323-9487-0458de14ce1b,subdued.ca,available,9.99,9.99,medium,low,7,namesilo,,,14/08/2026 07:54
fa551682-f5e5-4ee4-bfd8-d94d7df4bff5,viewable.ca,available,9.99,9.99,high,low,8,namesilo,,,13/09/2026 05:37
e065d0f7-4c19-480a-b04a-0dda2f852384,unsold.ca,resell,,,medium,low,6,WHC Online Solutions Inc.,10/04/2024 19:00,10/04/2027 19:00,26/09/2026 09:53
dc091c94-e15b-4bc6-8611-6cae64544d7d,invading.ca,available,9.99,9.99,medium,low,8,namesilo,,,22/08/2026 02:12
04be25ea-5bf5-4204-84f0-8a0d189c746d,murdering.ca,available,9.99,9.99,medium,low,9,namesilo,,,28/09/2026 17:20
2acb5481-5ce9-426a-82fa-93bd7e263f80,goonie.ca,available,9.99,9.99,medium,low,6,namesilo,,,23/09/2026 23:45
a8360811-59cb-4454-bab0-d8341e4fbb2e,desktops.ca,resell,,,medium,low,8,WHC Online Solutions Inc.,25/03/2026 19:00,25/03/2027 19:00,26/09/2026 05:31
36c766cd-45f1-4341-b0f5-7ee538801418,infirm.ca,available,16.99,16.99,medium,low,6,name.com,,,13/08/2026 20:32
9792ce7e-3725-4ad5-80ec-f20e13919448,uterine.ca,available,9.99,9.99,medium,low,7,namesilo,,,13/09/2026 00:02
686ad3de-c656-4bb6-8d75-0241e563a112,negotiated.ca,resell,,,medium,low,10,,,,29/09/2026 23:38
8568355f-90e4-4c72-8d6c-c2c507fa4927,mombasa.ca,available,9.32,9.32,high,low,7,spaceship,,,01/10/2026 20:35
45621d15-acf1-47bc-b6b9-898067ca5717,blameless.ca,available,9.99,9.99,high,low,9,namesilo,,,10/08/2026 12:53
1e757ed2-d83a-47da-a6ec-45a459e832c9,accoutered.ca,available,9.99,9.99,medium,low,10,namesilo,,,
63d8f6fa-2fcc-49f7-b51c-333b6537a401,bucks.ca,resell,,,high,low,5,MyID.ca INC.,12/05/2004 16:00,12/05/2027 04:00,26/09/2026 04:39
8b628f9b-28a3-4d17-981b-2950b4966345,stuffer.ca,available,9.99,9.99,medium,low,7,namesilo,,,19/09/2026 08:48
2abca36e-1afb-40e6-be4e-8f336ad21ced,impute.ca,available,9.99,9.99,medium,low,6,namesilo,,,21/09/2026 02:18
b88ad186-93c6-48ba-92cb-5bca545338e8,lacrimal.ca,available,11.98,14.98,medium,low,8,namecheap,,,22/08/2026 17:57
b547988c-757c-4d4e-b08a-62f0c5ef79d5,infant.ca,resell,,,high,low,6,Grape Inc.,13/11/2000 18:50,01/12/2026 05:00,29/09/2026 00:05
4ffaf9f2-0fe8-4657-9244-79c38559bec4,mistflower.ca,available,9.99,9.99,medium,low,10,namesilo,,,17/09/2026 17:17
6f0fe7d5-0e70-4c1f-9284-922ff03d58cb,perinatal.ca,resell,,,medium,low,9,BareMetal.com inc,06/04/2022 19:00,06/04/2027 19:00,26/09/2026 08:06
0b944cb5-f524-4f0f-ac9b-db0faab1dde1,candlenut.ca,available,9.99,9.99,medium,low,9,namesilo,,,18/09/2026 05:37
31ee898a-126b-4ef2-ba45-30f590e719f5,reacted.ca,available,9.99,9.99,medium,low,7,namesilo,,,20/09/2026 00:48
dfcad640-3015-49da-aa56-4e039a469ebc,asu.ca,resell,,,medium,low,3,,,,02/10/2026 00:04
f1aa010a-0bc9-4ae6-961c-9c1747651906,sweetie.ca,resell,,,high,low,7,Grape Inc.,24/01/2002 15:51,24/01/2027 05:00,26/09/2026 09:27
ba057101-38c3-4e80-ba2d-7fb11484bc2d,broward.ca,available,9.99,9.99,medium,low,7,namesilo,,,29/09/2026 22:39
65f7c6a9-c3c3-4f1a-8e6a-fcb5f275b27a,sacrificed.ca,available,9.32,9.32,low,low,10,spaceship,,,28/09/2026 17:16
ececec95-23f4-4858-aa99-9d7bb44f3a88,overeager.ca,available,11.98,14.98,medium,low,9,namecheap,,,04/09/2026 20:31
d6850b36-7694-4e6c-a616-b5a80a968865,classmate.ca,resell,,,high,low,9,,,,29/09/2026 11:55
dae9c008-53a9-4efd-8d39-f84ef6a96311,checkpoint.ca,resell,,,high,low,10,CENTRALNIC CANADA INC,07/12/2016 20:30,07/12/2026 20:30,26/09/2026 04:53
e27b74f0-e4c5-40a6-bf82-48556b44f991,predestine.ca,available,9.99,9.99,high,medium,10,namesilo,,,09/09/2026 01:23
371dd00c-cb50-445f-bf99-1bab4c764ea4,fugly.ca,available,11.98,14.98,medium,low,5,namecheap,,,18/08/2026 17:49
bae16931-0749-4084-8047-a635072617d3,martindale.ca,resell,,,medium,low,10,,,,02/10/2026 08:01
6f21cd8e-2d67-4978-8a51-660220f25060,pleasant.ca,resell,,,high,low,8,WHC Online Solutions Inc.,10/05/2007 14:14,10/05/2027 04:00,27/09/2026 04:06
f7f5042e-0dc2-44b6-85cb-91d2dc44b293,genteel.ca,available,9.99,9.99,medium,low,7,namesilo,,,13/08/2026 10:19
a6662bc8-706c-4385-931f-7c4eff05659d,changeless.ca,available,9.99,9.99,medium,low,10,namesilo,,,12/08/2026 01:58
bda16626-b388-40a2-935d-2028f4b130cd,andalusian.ca,available,9.99,9.99,medium,low,10,namesilo,,,
1ed158af-ddec-43cc-8164-8968a12947f7,katowice.ca,available,9.99,9.99,medium,low,8,namesilo,,,03/10/2026 01:23
82c463ce-ab30-48b6-9291-85a3e7e335fd,brass.ca,resell,,,high,low,5,Grape Inc.,08/01/2003 17:02,08/01/2027 05:00,29/09/2026 03:59
bffefc77-5113-4bb6-b49f-b0c267c5af19,occurs.ca,available,9.23,9.23,medium,low,6,dynadot,,,28/09/2026 17:56
085f3de2-aafd-449f-82f9-897424dc33f8,porcine.ca,available,9.99,9.99,medium,low,7,namesilo,,,21/08/2026 10:21
dc8c874b-b26f-4a6a-a499-04201e27b334,bedfellow.ca,available,9.99,9.99,medium,low,9,namesilo,,,22/09/2026 23:14
83a287c0-c51e-40ad-8ec3-5aa81c3fb74e,unep.ca,available,11.98,14.98,high,high,4,namecheap,,,03/10/2026 04:57
89091090-0db6-4ea5-9bb2-0c0eb62cbf10,bibulous.ca,available,11.98,14.98,low,low,8,namecheap,,,09/08/2026 18:58
5d7c3713-8ac4-4de0-a567-36b4dea40fb4,yucatan.ca,resell,,,high,low,7,,,,30/09/2026 03:11
474ded40-701e-4706-94b2-e8ad90e7e7e9,mottled.ca,available,16.99,16.99,medium,low,7,name.com,,,13/08/2026 17:41
67ef3a51-2d5c-4876-8d87-2a02c9375967,swamps.ca,available,9.99,9.99,low,low,6,namesilo,,,30/09/2026 15:45
b8c590ac-fab2-414a-8852-2acd3543e07f,bestower.ca,available,9.99,9.99,medium,low,8,namesilo,,,23/09/2026 10:47
85403c71-05db-47f1-885e-31a63c3308d8,sternberg.ca,available,9.32,9.32,medium,low,9,spaceship,,,29/09/2026 15:45
baa7efa5-a6f7-4883-a88d-6eaa8436d171,figuring.ca,available,9.99,9.99,high,low,8,namesilo,,,29/09/2026 12:20
76b54c04-f401-49ad-9080-d8fb7aa32afc,allocation.ca,resell,,,high,low,10,CENTRALNIC CANADA INC,02/02/2011 20:25,02/02/2027 20:25,26/09/2026 03:48
804e10f7-82ae-4410-8feb-f0e52b2a2685,nutlike.ca,available,9.99,9.99,medium,low,7,namesilo,,,03/09/2026 23:16
b3e21e6d-6225-4392-a8e7-6c0c09810f31,unlit.ca,available,9.99,9.99,medium,low,5,namesilo,,,12/09/2026 13:03
e48cc789-8a45-45d9-87f6-f3c51514bbe6,britney.ca,resell,,,high,low,7,,,,02/10/2026 07:33
f5484486-d180-4166-9e48-f43d7a299195,articled.ca,available,9.99,9.99,medium,low,8,namesilo,,,06/08/2026 08:28
9cb90d6a-f6c6-48ec-a9a3-dca065102ca4,allargando.ca,available,9.99,9.99,low,low,10,namesilo,,,
ef5cf9ff-a761-4ef7-9025-6035ff82144d,whippy.ca,available,9.99,9.99,medium,low,6,namesilo,,,13/09/2026 11:26
69dfb624-1acb-4a14-8da7-6ad56f6a1617,deafen.ca,available,16.99,16.99,medium,low,6,name.com,,,13/08/2026 19:44
04ea4e05-79e2-4222-9930-8f7fe2e85447,stripy.ca,available,9.99,9.99,medium,low,6,namesilo,,,10/09/2026 22:46
0c60de5e-dda2-449e-be26-487389008a1f,congenital.ca,available,11.98,14.98,medium,low,10,namecheap,,,12/08/2026 21:40
11264901-bf72-4bd3-887e-a39a9aed4c34,heptad.ca,available,9.99,9.99,medium,low,6,namesilo,,,
600989dc-9e4b-4c40-a2a7-7a2e5ea02434,blueness.ca,available,9.99,9.99,medium,low,8,namesilo,,,10/08/2026 15:51
e9a23dd6-19a4-480e-aaff-896cd4b1dcc7,sopping.ca,available,9.99,9.99,medium,low,7,namesilo,,,14/09/2026 14:30
62a931c4-b81e-45e7-86c5-9b3d7405a017,born.ca,resell,,,high,low,4,"Go Daddy Domains Canada, Inc",03/03/2004 17:00,03/03/2027 05:00,26/09/2026 04:33
ec99fe6a-344c-4193-a79e-95a723543d40,myeloid.ca,available,9.99,9.99,medium,low,7,namesilo,,,03/09/2026 12:06
18478baf-75f3-446d-a10b-147f683277c3,monotony.ca,available,9.99,9.99,medium,low,8,namesilo,,,21/08/2026 15:10
2283ee2c-76a1-4965-a264-cbde40b2a890,rectified.ca,available,9.99,9.99,medium,low,9,namesilo,,,09/09/2026 11:55
13cf4393-cadf-4fff-8304-50b3dd3428f1,myth.ca,resell,,,high,low,4,,,,28/09/2026 02:27
74849df2-8373-4430-9e7c-3f9dae40f1d4,hans.ca,resell,,,high,low,4,Grape Inc.,08/01/2003 17:13,08/01/2028 05:00,01/10/2026 11:24
b2742eb8-1485-457f-b5af-6749bda52c91,lidless.ca,available,9.99,9.99,medium,low,7,namesilo,,,23/08/2026 01:17
4c8f71bb-2910-4349-afbc-b004bb02cad3,tripoli.ca,resell,,,high,low,7,,,,02/10/2026 14:32
1082a2f8-9976-43eb-a88b-de2a95ff4a70,armlet.ca,available,9.99,9.99,medium,low,6,namesilo,,,20/09/2026 06:20
7c8c7cf3-42bd-49f1-8bbe-f4cf8f85a3ae,rainproof.ca,available,9.99,9.99,high,medium,9,namesilo,,,09/09/2026 09:47
dc7d9056-e180-4b3c-a150-ae8993f3418a,distributor.ca,resell,,,high,low,11,,,,29/09/2026 08:54
5bcb6f6a-d5e4-4336-811e-402439e8c01e,unplayable.ca,available,9.99,9.99,medium,low,10,namesilo,,,12/09/2026 16:54
77d456d8-9d30-461d-bd11-6854f82c2ca1,retraction.ca,available,9.99,9.99,medium,low,10,namesilo,,,16/09/2026 15:59
81bd1374-21fb-472d-8661-3458671c8f20,grudging.ca,available,11.98,14.98,medium,low,8,namecheap,,,20/08/2026 20:31
41a56e45-c7b4-4d86-9586-ec711b768783,slovaks.ca,available,9.32,9.32,low,low,7,spaceship,,,02/10/2026 03:51
a77c5545-97c9-4411-bab7-7f7c4fcfae15,contraction.ca,available,9.21,9.21,high,low,11,dynadot,,,29/09/2026 10:10
d38fe86c-2695-4d22-b465-f25099024f8f,unix.ca,resell,,,high,low,4,,,,02/10/2026 17:03
3abd4074-d416-4f0d-beb0-fba292d23d55,enate.ca,available,11.98,14.98,medium,low,5,namecheap,,,16/08/2026 21:18
108aaaab-8d19-4053-9b13-7734d212ecac,lusitania.ca,available,9.18,9.18,high,low,9,dynadot,,,02/10/2026 16:04
7d79beff-6fb2-44e2-8fe5-229b9c2a4cda,actaea.ca,available,9.99,9.99,medium,low,6,namesilo,,,17/09/2026 04:11
da440363-c17b-4950-9e01-c643d599e8a0,vegan.ca,resell,,,high,medium,5,WHC Online Solutions Inc.,14/02/2024 19:00,14/02/2027 19:00,30/09/2026 14:24
bbd50190-780e-4b55-bc25-7b0b4f83ff3f,phantasm.ca,available,9.99,9.99,medium,low,8,namesilo,,,08/09/2026 18:36
8ada2269-b552-4ba6-b1fe-fd90f185dc3e,inlaid.ca,available,9.99,9.99,medium,low,6,namesilo,,,22/08/2026 05:47
8fe971e4-9f33-4f2d-973c-01384a265c52,casteless.ca,available,11.98,14.98,medium,low,9,namecheap,,,11/08/2026 20:25
d3a48510-5901-4c54-8c43-ebb818d08046,abohm.ca,available,9.99,9.99,medium,low,5,namesilo,,,16/09/2026 16:26
0329172d-5e9b-4320-8075-25e5b9516e23,prosecute.ca,available,11.98,14.98,high,low,9,namecheap,,,29/09/2026 20:42
a36fa0ee-dde1-4481-8a90-59e658568578,mussy.ca,available,11.98,14.98,medium,low,5,namecheap,,,24/08/2026 21:24
f8870f82-d1a8-4e6f-9f0a-e8c87a8645fb,derain.ca,available,9.99,9.99,medium,low,6,namesilo,,,19/09/2026 04:09
173f21f3-ff82-440d-8c21-b52f36c9a7e5,actable.ca,available,11.98,14.98,medium,low,7,namecheap,,,
2c0625f1-a44a-472b-9de4-96812740c4cd,chelonian.ca,available,9.99,9.99,low,low,9,namesilo,,,12/08/2026 04:08
fd99018d-98dc-4b4f-b43a-8374091e8591,keeled.ca,available,11.98,14.98,medium,low,6,namecheap,,,11/08/2026 19:16
7cde4336-6b35-4cc7-81fa-3d30843b4616,infallible.ca,available,9.99,9.99,high,low,10,namesilo,,,22/08/2026 04:05
c9a1b38d-c3ad-4a05-82ac-32230f7c5acd,dune.ca,resell,,,high,low,4,,,,30/09/2026 17:05
8db4a2e2-7e10-4ada-9a26-7fcfdbf2c2f9,capricious.ca,resell,,,medium,low,10,"Go Daddy Domains Canada, Inc",15/07/2015 17:45,15/07/2027 17:45,26/09/2026 04:45
dca6d00d-889f-4b6b-91d4-d02dfb935ea0,anticlimax.ca,available,9.99,9.99,medium,low,10,namesilo,,,19/09/2026 14:16
c0137b90-c7eb-4cdd-a900-1e09748c2c4c,barefaced.ca,available,9.99,9.99,medium,low,9,namesilo,,,08/08/2026 09:20
eadade2b-d01a-44b6-8a08-1e48aa143aee,neoplastic.ca,available,9.99,9.99,medium,low,10,namesilo,,,03/09/2026 15:29
bf4ee36d-b600-47b9-a4b3-21b33cb181e5,temp.ca,resell,,,high,low,4,BareMetal.com inc,08/01/2003 17:01,08/01/2027 05:00,26/09/2026 09:33
de4dfc03-b085-4df0-8247-35e86ac9e2d3,swimmingly.ca,available,9.99,9.99,medium,low,10,namesilo,,,16/09/2026 02:58
0611713d-d04d-4e61-b1c3-f3e4a4540643,partitioning.ca,available,9.99,9.99,medium,low,12,namesilo,,,29/09/2026 09:00
c1865a72-9ea6-4f19-90d1-486f9df9d5c7,ammunition.ca,resell,,,high,low,10,"Go Daddy Domains Canada, Inc",24/01/2002 14:20,24/01/2027 05:00,26/09/2026 03:51
99190898-1014-4bec-a352-f4724258be4a,honoured.ca,available,9.99,9.99,medium,low,8,namesilo,,,29/09/2026 03:18
823c6585-0c97-4823-ad87-e12382a34658,beleaguer.ca,available,9.99,9.99,medium,low,9,namesilo,,,21/09/2026 17:03
ff8e1e94-32fc-4af9-b46a-ae24abb87261,rheologic.ca,available,9.99,9.99,medium,low,9,namesilo,,,09/09/2026 16:35
da5876ba-d312-4237-8fde-56bbb89c09f1,clue.ca,resell,,,high,low,4,BareMetal.com inc,08/01/2003 17:01,08/01/2027 05:00,29/09/2026 10:03
049c7474-bcd4-432b-9dc3-1c1d5b03bde1,perverse.ca,available,9.99,9.99,medium,low,8,namesilo,,,14/08/2026 02:31
ebfdcd01-9a8c-45a9-819a-b236d1ca07eb,banditry.ca,available,11.98,14.98,medium,low,8,namecheap,,,22/09/2026 01:24
a47156df-f9ce-4faa-ae42-45baf1689f74,toothsome.ca,available,9.99,9.99,medium,low,9,namesilo,,,14/08/2026 00:24
ca122cb8-8484-4dd4-8e46-eac053618650,williamsport.ca,available,9.99,9.99,medium,low,12,namesilo,,,29/09/2026 15:53
db8b45e7-4469-48a6-85c5-8b09a9abb621,foreigner.ca,resell,,,high,low,9,WHC Online Solutions Inc.,06/04/2006 20:47,06/04/2027 04:00,26/09/2026 06:11
16f5c9d9-d8b9-4a7f-a84c-c14c1dab32e5,french.ca,resell,,,high,low,6,Grape Inc.,24/01/2002 15:03,24/01/2027 05:00,26/09/2026 06:15
bfcbe175-981b-4a78-a0ff-0178f33bcfc3,freakish.ca,available,9.99,9.99,medium,low,8,namesilo,,,10/08/2026 09:56
262d313b-891e-4983-9254-4b5c804aa279,unashamed.ca,available,9.99,9.99,medium,low,9,namesilo,,,12/09/2026 01:08
fde4d183-9cc5-4919-8f98-7178bf31e832,autotelic.ca,available,11.98,14.98,medium,low,9,namecheap,,,07/08/2026 21:08
8cfc7c02-3345-4167-b8f8-15b928252b89,regulations.ca,resell,,,medium,low,11,,,,28/09/2026 04:25
1e14e1d5-b96d-44c5-ae9e-9eaedc6555fc,visas.ca,resell,,,medium,low,5,,,,02/10/2026 03:24
a1709ccb-292b-407d-85a5-c7708d163b93,tir.ca,resell,,,high,low,3,,,,03/10/2026 03:59
11470836-536a-4ffc-8c08-6ef8335218ba,natality.ca,available,11.98,14.98,medium,low,8,namecheap,,,23/09/2026 21:04
9aeb79b8-2191-42ec-b27c-e3c6d2eb6695,numinous.ca,resell,,,medium,low,8,WHC Online Solutions Inc.,29/03/2023 19:00,29/03/2027 19:00,26/09/2026 07:50
bc521647-163a-4e9c-85a7-8bad9647f536,lodi.ca,available,11.98,14.98,medium,low,4,namecheap,,,29/09/2026 15:13
0a30822c-053c-4136-8868-93cfc629af95,changeover.ca,resell,,,medium,low,11,Namespro Solutions Inc.,02/09/2009 19:45,02/09/2027 04:00,26/09/2026 04:51
693e7d81-8f41-4fe0-a589-53a01e4e0511,quieten.ca,available,9.99,9.99,medium,low,7,namesilo,,,11/08/2026 15:02
c6a4f2a4-a5b7-4eed-bc49-49230d04bb3c,necks.ca,available,9.99,9.99,medium,low,5,namesilo,,,19/09/2026 20:42
cd51a862-85b4-4024-b48d-d127a7f37e19,shares.ca,resell,,,medium,low,6,MyID.ca INC.,08/01/2003 17:00,08/01/2027 05:00,26/09/2026 08:58
efac52b6-a32a-4144-83ae-2e7386c4ebea,wrecked.ca,resell,,,medium,low,7,CENTRALNIC CANADA INC,22/09/2010 19:37,22/09/2028 04:00,28/09/2026 11:09
5b91e358-6bb0-4c08-bec5-78f1a4e6f173,crossways.ca,resell,,,medium,low,9,BareMetal.com inc,08/07/2026 19:00,08/07/2027 19:00,26/09/2026 05:20
720fb94a-038f-447c-9c40-4a37becbdb62,misguided.ca,available,11.98,14.98,medium,low,9,namecheap,,,21/08/2026 18:57
5bab6da3-8a1e-4083-a790-0c972b6083d8,stoll.ca,resell,,,medium,low,5,,,,02/10/2026 02:06
febe3bcf-86b3-45c3-8263-ff167dc4f028,marcia.ca,resell,,,high,low,6,,,,28/09/2026 03:56
62019daf-f1eb-4936-9a08-d0b2cf7bb2de,stench.ca,available,9.99,9.99,medium,low,6,namesilo,,,02/10/2026 04:49
f8cfec33-7690-4545-9507-dc0e6f470345,antido.ca,available,9.99,9.99,medium,low,6,namesilo,,,19/09/2026 14:17
e213d9ea-4c14-4304-9f57-6029b1934c18,cheeky.ca,resell,,,high,low,6,Grape Inc.,15/09/2004 18:00,15/09/2027 04:00,26/09/2026 04:53
d9b47c7d-e5fe-4881-a2b0-8827667c2d0c,anemic.ca,available,9.99,9.99,medium,low,6,namesilo,,,
62562e72-3560-4cb4-a571-51f6c6e1efcd,tarawa.ca,available,11.98,14.98,medium,low,6,namecheap,,,21/09/2026 19:26
c0f98c67-6c04-4a4f-9901-551f12e21efd,egocentric.ca,available,9.99,9.99,medium,low,10,namesilo,,,15/08/2026 19:41
50c76a67-bc80-4610-aab7-c4acc058765c,stool.ca,resell,,,high,medium,5,Rebel.ca Corp.,14/02/2004 17:00,14/02/2029 05:00,26/09/2026 09:19
e4b34109-a98c-48f2-ba3a-c0f97d53afd2,repelling.ca,available,9.99,9.99,medium,low,9,namesilo,,,14/08/2026 10:43
db60b788-45ff-435d-b508-25c051b4f641,nuisance.ca,resell,,,medium,low,8,,,,29/09/2026 19:51
b20bf6cf-7f18-4d79-be6b-9906b212afed,ungrateful.ca,available,9.99,9.99,medium,low,10,namesilo,,,11/09/2026 12:26
2f943b8c-73e1-4278-9f2b-a6bb47a80b01,heaps.ca,available,9.99,9.99,high,low,5,namesilo,,,14/09/2026 23:17
52244483-6b65-4c58-93dd-dff99681026b,socialized.ca,resell,,,high,low,10,"Go Daddy Domains Canada, Inc",08/11/2023 19:00,08/11/2027 19:00,30/09/2026 07:15
74c95208-d476-44ca-beaf-f47a4952a5c6,ejected.ca,available,9.32,9.32,low,low,7,spaceship,,,02/10/2026 02:12
4bcbd86c-6df1-4322-91e1-76b27d331f32,hardly.ca,available,9.32,9.32,high,low,6,spaceship,,,27/09/2026 18:23
cc5b48bf-23dd-4f9d-a0f6-a3fe229195cf,chinchy.ca,available,9.99,9.99,low,low,7,namesilo,,,12/08/2026 05:42
1887fe09-f479-489a-84ec-ca721705d47d,crass.ca,available,9.99,9.99,medium,low,5,namesilo,,,13/08/2026 05:23
b08c9df9-f380-4c09-a487-583798d8f7f7,incorrupt.ca,available,9.99,9.99,medium,low,9,namesilo,,,22/08/2026 02:01
762d4062-ee30-459f-8a1c-797543d2f00d,satiable.ca,available,9.99,9.99,medium,low,8,namesilo,,,09/09/2026 21:37
da7b0d00-00fa-4641-9fd3-96592092498a,bamboo.ca,resell,,,high,medium,6,"Go Daddy Domains Canada, Inc",01/02/2001 17:13,01/02/2027 05:00,26/09/2026 04:14
638e4359-5e29-4f71-ac9b-1fd8ae54093c,azote.ca,available,9.99,9.99,medium,low,5,namesilo,,,21/09/2026 11:27
c22549e0-962d-4671-93ff-ce534c061ef1,handcuffs.ca,resell,,,medium,low,9,,,,30/09/2026 14:17
8b675a6a-fa3a-4755-89d2-101ea70abade,peiping.ca,available,9.99,9.99,medium,low,7,namesilo,,,23/09/2026 04:16
966e90ea-679b-412f-af8f-e3de37ddb182,romanic.ca,available,9.99,9.99,high,medium,7,namesilo,,,09/09/2026 18:30
8efc432e-ac83-4529-9f3d-c039b92cb9c7,exacting.ca,available,9.99,9.99,medium,low,8,namesilo,,,17/08/2026 15:32
20f7c565-0b67-4db6-a10b-c3e03d0d0ad2,cecal.ca,available,9.99,9.99,medium,low,5,namesilo,,,11/08/2026 12:54
fa428f57-9e3b-4803-b260-bff2fc52134e,whichever.ca,available,11.98,14.98,medium,low,9,namecheap,,,01/10/2026 05:05
1424a8e5-08ff-4457-991b-4ff8b1fc3145,breathing.ca,resell,,,high,low,9,MyID.ca INC.,04/04/2018 19:55,04/04/2027 19:55,26/09/2026 04:36
c55689d4-0230-4d9e-aea2-68a2cbb2dca9,lungs.ca,resell,,,medium,low,5,,,,27/09/2026 02:43
91cf050a-e3b8-410f-a54f-65b51e6bfb0c,she.ca,resell,,,high,low,3,Grape Inc.,06/05/2002 16:00,06/05/2027 04:00,30/09/2026 22:17
cac2367b-2f43-4467-b867-0b4fd4bf236e,mannerism.ca,available,11.98,14.98,medium,low,9,namecheap,,,17/09/2026 14:14
31ab394f-4862-4e61-9262-f45f9b4c7c54,archly.ca,available,9.99,9.99,medium,low,6,namesilo,,,13/09/2026 20:39
220814a4-8c7f-4544-a9b8-5221e80d75eb,waterford.ca,resell,,,medium,low,9,,,,27/09/2026 16:17
2be3f63a-e8e5-4226-8436-f3c84428ebe8,unflavored.ca,available,11.98,14.98,medium,low,10,namecheap,,,03/09/2026 19:15
6a36f524-0635-46e9-8c5d-9317094a2e17,carpus.ca,available,11.98,14.98,medium,low,6,namecheap,,,20/09/2026 11:32
75dde8a7-e9a1-44ee-9a1e-93a4a1034f99,cantaloup.ca,available,9.99,9.99,medium,low,9,namesilo,,,24/09/2026 12:08
6b65f5c6-972a-426e-9f7c-4d3b6657efc3,degrade.ca,available,9.32,9.32,medium,low,7,spaceship,,,01/10/2026 22:09
a9e101e9-0c7c-409b-9d7b-a7c5db8a2e82,apoplectic.ca,available,9.99,9.99,medium,low,10,namesilo,,,06/08/2026 03:29
eb72338f-158e-4d55-85e3-2a449053c14b,repeatedly.ca,available,9.99,9.99,medium,low,10,namesilo,,,15/09/2026 23:12
4ee15799-be5f-4fd9-aea2-2845d36c28fd,consultive.ca,available,9.99,9.99,medium,low,10,namesilo,,,
cf26d442-71f9-4700-8b65-bc3b2630eba0,scrolls.ca,available,9.99,9.99,medium,low,7,namesilo,,,30/09/2026 00:40
187fe430-ded8-4f0e-a4bf-ba94ab1decc6,fungous.ca,available,9.99,9.99,low,low,7,namesilo,,,18/08/2026 18:30
9677fd88-addd-4c8c-923d-c4290dcec8db,berbers.ca,available,11.98,14.98,medium,low,7,namecheap,,,19/09/2026 23:24
11675956-4784-4cb5-a70e-d399743258b0,prentiss.ca,available,9.19,9.19,medium,low,8,cloudflare,,,30/09/2026 22:09
f34e6bbb-acd0-46cc-9770-f8b39159cf9d,happier.ca,resell,,,medium,low,7,MyID.ca INC.,11/04/2018 19:40,11/04/2027 19:40,26/09/2026 06:34
6d03fb06-da7c-4533-88e8-25d9741c241b,kyrgyz.ca,available,9.32,9.32,high,low,6,spaceship,,,30/09/2026 12:53
378a3d60-1a11-4969-bae7-bad4207f6400,defaulted.ca,available,11.98,14.98,low,low,9,namecheap,,,21/09/2026 07:28
5c6b8a74-b9bc-4502-bbbf-2eebaf3fd6a2,outdoors.ca,resell,,,high,low,8,"Go Daddy Domains Canada, Inc",15/11/2000 23:41,26/02/2027 05:00,26/09/2026 07:57
47a5d6d0-0966-4d92-8d54-855d0d91bc7f,slithery.ca,available,9.99,9.99,low,low,8,namesilo,,,10/09/2026 11:09
703d79af-ee8b-4ab3-b489-7164b46bdcf6,medially.ca,available,9.99,9.99,medium,low,8,namesilo,,,15/09/2026 13:54
b50abb01-ab3c-4e7c-8bf8-9831b4ab081c,brutality.ca,resell,,,medium,low,9,CENTRALNIC CANADA INC,31/08/2016 19:24,31/08/2027 19:24,26/09/2026 04:38
a9ae260a-6205-486a-9e2c-a5f700333d9a,miotic.ca,available,9.99,9.99,medium,low,6,namesilo,,,25/08/2026 01:00
b4a11a09-d26d-4fae-a56b-3dfe88f03764,aerides.ca,available,9.99,9.99,medium,low,7,namesilo,,,17/09/2026 12:51
e0030d7e-7663-4099-9dd4-362daf337477,bacchanal.ca,resell,,,medium,low,9,Open Provider Inc.,21/08/2024 20:05,21/08/2027 20:05,26/09/2026 04:12
3dc24207-8088-4bf6-b047-ce7cce712615,wounding.ca,available,11.98,14.98,medium,low,8,namecheap,,,10/09/2026 17:53
cb1cdefe-7cc8-491a-99ad-2f91bc8ee8c5,josiah.ca,resell,,,medium,low,6,,,,27/09/2026 01:34
568e8495-e582-46dd-9b5d-c0f93987b86a,lakh.ca,available,9.99,9.99,medium,low,4,namesilo,,,21/08/2026 15:36
b8b3cf9b-80c4-4761-9976-0561925f4559,hoped.ca,available,9.99,9.99,medium,low,5,namesilo,,,27/09/2026 02:59
bf0faa94-fbe1-4860-bdd6-e51701b516b4,inaccessible.ca,available,9.99,9.99,medium,low,12,namesilo,,,01/10/2026 22:45
0603a3c2-d0c3-4c78-a1da-1bd7a6f5ab5d,vapid.ca,available,9.99,9.99,medium,low,5,namesilo,,,10/08/2026 13:04
e16e2439-1be7-448e-a4df-94c3e3d3a1ac,banksia.ca,available,9.99,9.99,medium,low,7,namesilo,,,22/09/2026 02:53
c9040b38-cb72-4186-9e34-49a6487ee4bb,burglary.ca,available,9.99,9.99,medium,low,8,namesilo,,,29/09/2026 00:17
974911ac-e8c5-42d8-857d-cc1ae1dfec31,endoscopic.ca,available,9.99,9.99,medium,low,10,namesilo,,,17/08/2026 01:19
09ce9460-a169-4c98-9e6e-6a3842ca38af,abdication.ca,available,11.98,14.98,medium,low,10,namecheap,,,16/09/2026 14:43
311863f6-c26a-48cc-b231-853c4caa1416,bismarck.ca,available,9.99,9.99,high,low,8,namesilo,,,23/09/2026 22:03
c767e0be-927a-4076-a30c-a551f503efe4,bedrest.ca,available,9.99,9.99,medium,low,7,namesilo,,,22/09/2026 23:03
3d94ad4c-43c7-45f1-9a12-e1ab58a6825f,capua.ca,available,11.98,14.98,medium,low,5,namecheap,,,02/10/2026 18:56
9013b2ac-62e0-4696-9302-3602ac88a9e6,spiteful.ca,available,9.99,9.99,medium,low,8,namesilo,,,14/08/2026 04:20
9a66cc07-f7f8-4c46-a39c-149e7d817a82,padding.ca,available,9.32,9.32,high,low,7,spaceship,,,02/10/2026 04:32
af300f08-2dd0-4165-96ca-661accafb43f,notifiable.ca,available,9.99,9.99,medium,low,10,namesilo,,,03/09/2026 22:10
291bfdad-cf54-47cb-b6bf-8b935c0928a8,anagoge.ca,available,9.99,9.99,medium,low,7,namesilo,,,19/09/2026 01:27
3434ed2e-aafd-46ab-9b77-fb18f206ed3e,neoclassic.ca,available,9.99,9.99,medium,low,10,namesilo,,,03/09/2026 15:21
5d00de7e-6eb0-4cee-942c-737fee40d1d5,abdias.ca,available,11.98,14.98,medium,low,6,namecheap,,,16/09/2026 14:41
289672fe-cab6-4a3f-b9ba-1bb70d44a69b,childlike.ca,available,9.99,9.99,medium,low,9,namesilo,,,12/08/2026 05:12
3c5f8ee5-13c1-49e0-b7b2-705e6f0d9e66,require.ca,resell,,,high,low,7,BareMetal.com inc,04/06/2025 19:00,04/06/2027 19:00,30/09/2026 05:27
891f6bc1-8461-47fb-bce2-43f1a6882d53,pathless.ca,available,9.99,9.99,medium,low,8,namesilo,,,08/09/2026 10:25
fc59cdb7-93bd-4cce-95be-1ac362307956,perceiving.ca,available,11.98,14.98,high,low,10,namecheap,,,01/10/2026 22:24
c6978e78-0230-48b2-8468-f86747c398ca,amatory.ca,available,9.99,9.99,medium,low,7,namesilo,,,
1ff35f54-50d9-470b-b308-a086a90ab0ef,pushful.ca,available,9.99,9.99,high,medium,7,namesilo,,,09/09/2026 06:36
58fe46bc-ce63-41ac-a659-ae4249d44aed,asystole.ca,available,11.98,14.98,medium,low,8,namecheap,,,20/09/2026 18:57
a01e2f87-667d-47fc-9b7d-98d9c1d39f9e,atrocities.ca,available,9.32,9.32,low,low,10,spaceship,,,30/09/2026 16:10
2ba666b6-323f-4aa2-9226-02dfedec6836,skirting.ca,available,9.99,9.99,medium,low,8,namesilo,,,20/09/2026 08:31
6ae39f8b-b6a5-4364-8d4a-2422ba62dea9,articular.ca,available,9.99,9.99,medium,low,9,namesilo,,,06/08/2026 23:26
931dfc53-7c45-4df5-aae5-023ab24abf30,baseborn.ca,available,9.99,9.99,low,low,8,namesilo,,,08/08/2026 21:34
027317a6-3521-4ed9-a3d8-53efb05c52bf,leads.ca,resell,,,high,low,5,Namespro Solutions Inc.,24/10/2005 18:00,24/10/2027 04:00,26/09/2026 07:10
33368ef7-3e5a-4421-8703-1016dddcdc94,suborbital.ca,available,9.99,9.99,high,low,10,namesilo,,,11/09/2026 00:34
dd718d3e-331e-4ebf-ac27-a43dfd59e7bc,despised.ca,available,9.99,9.99,medium,low,8,namesilo,,,14/08/2026 04:10
3a0498a2-4b85-4caa-b244-ef8689a9d41a,parve.ca,available,9.99,9.99,medium,low,5,namesilo,,,08/09/2026 01:27
c8dd2127-7764-4a17-9993-ba9ee59c13d6,aecium.ca,available,9.99,9.99,medium,low,6,namesilo,,,17/09/2026 12:08
761fca06-191c-4472-b99f-5bb9bec3e443,wheezing.ca,available,9.99,9.99,medium,low,8,namesilo,,,07/08/2026 09:25
7e2608a7-0646-4f1c-a76c-5c2079c43888,damaged.ca,resell,,,medium,low,7,CENTRALNIC CANADA INC,16/09/2020 19:00,16/09/2027 19:00,26/09/2026 05:24
1a48c228-dd0b-406d-999f-1e598e2c378b,whale.ca,resell,,,high,low,5,CENTRALNIC CANADA INC,11/12/2013 20:29,11/12/2026 20:29,29/09/2026 23:18
62b58d26-25a3-4ed6-975a-462321f9ce43,unwavering.ca,available,9.99,9.99,high,low,10,namesilo,,,18/08/2026 05:12
04d1a4bd-60ef-402d-a9e8-816791deb073,propellent.ca,available,9.99,9.99,medium,low,10,namesilo,,,09/09/2026 03:28
0990bb2b-838d-4e75-930d-c49376641a01,xhosa.ca,available,9.32,9.32,high,low,5,spaceship,,,03/10/2026 02:22
1909485c-9829-49b8-ae02-a55ac1123944,resists.ca,available,9.99,9.99,medium,low,7,namesilo,,,18/09/2026 10:58
502662fb-3332-4088-9e58-e6e59fc18497,apiarist.ca,available,9.99,9.99,medium,low,8,namesilo,,,19/09/2026 17:19
0888a2d6-0d16-44cc-92ba-01c667b46d2f,respective.ca,available,9.32,9.32,medium,low,10,spaceship,,,30/09/2026 14:27
973af41e-6749-4753-b721-7f9be4e8d991,unsworn.ca,available,11.98,14.98,medium,low,7,namecheap,,,12/09/2026 20:53
0f5d082e-f4f3-4df9-878e-b985320e266e,symbolize.ca,available,9.99,9.99,high,low,9,namesilo,,,01/10/2026 04:25
3a0882e9-5b3b-4892-b63a-812a6a5c51d8,precipitous.ca,available,11.98,14.98,medium,low,11,namecheap,,,02/10/2026 18:36
07104c89-969a-4d5b-b6f9-8c1469efd6de,siliceous.ca,available,9.99,9.99,high,medium,9,namesilo,,,10/09/2026 08:07
5a3ffd6e-bd1e-43f1-a748-0f7b9a347f53,youngish.ca,available,9.99,9.99,medium,low,8,namesilo,,,13/09/2026 14:49
49197c39-882c-44e3-8d3b-4059233a63a7,inaccurate.ca,available,9.99,9.99,medium,low,10,namesilo,,,22/08/2026 00:09
4dfe0ecc-74b8-4e7a-b1a4-c49360a1ab1f,pretender.ca,available,11.98,14.98,high,low,9,namecheap,,,08/09/2026 19:12
15f42997-f72d-41e1-81c7-5a6ca6373c4b,seventh.ca,resell,,,high,low,7,WHC Online Solutions Inc.,22/03/2002 17:01,22/03/2027 04:00,26/09/2026 08:56
dc90160a-922d-4ff2-827f-3c4a14911925,protrusive.ca,available,9.99,9.99,medium,low,10,namesilo,,,09/09/2026 04:20
6a6bc3bc-5037-423c-84d7-51f6e3c0a6ce,amounts.ca,available,9.32,9.32,low,low,7,spaceship,,,28/09/2026 18:09
a53176e2-30c2-40e5-9945-bdceae570108,gospels.ca,resell,,,high,low,7,,,,02/10/2026 04:45
56d28458-6cd6-4b3f-a8f0-f78bb2239850,prohibited.ca,resell,,,medium,low,10,CENTRALNIC CANADA INC,17/02/2021 19:00,17/02/2027 19:00,26/09/2026 08:21
df45db6b-2f73-47c7-97dd-19a128330509,horsham.ca,available,9.32,9.32,medium,low,7,spaceship,,,02/10/2026 10:26
326a101e-4ce6-4c8f-adbe-b3cc271b0813,megabucks.ca,resell,,,high,low,9,WHC Online Solutions Inc.,02/04/2002 17:03,02/04/2027 04:00,26/09/2026 07:30
57d46e36-d042-4478-8f7f-24256523f9c0,englishman.ca,available,9.99,9.99,high,low,10,namesilo,,,29/09/2026 12:12
ad02445f-4cda-4e50-9d85-2912c8828a80,planned.ca,resell,,,high,low,7,CENTRALNIC CANADA INC,14/09/2016 19:26,14/09/2027 19:26,26/09/2026 08:11
68ce2b7d-2929-4a50-89bc-2bc42b5c36e6,luton.ca,available,9.21,9.21,high,low,5,dynadot,,,29/09/2026 21:25
083b09bd-006e-497d-99da-124089d0154b,existent.ca,available,11.98,14.98,medium,low,8,namecheap,,,
3bcb02cd-4076-4ee9-b946-b03c17311856,referable.ca,available,9.99,9.99,high,low,9,namesilo,,,07/08/2026 01:28
f4513215-af57-4b81-8106-fd0d2733b2ed,unfrozen.ca,available,9.99,9.99,medium,low,8,namesilo,,,12/09/2026 10:54
e42115ec-d4f0-4392-a8f8-ddc9e8929cfb,doctrine.ca,resell,,,high,low,8,MyID.ca INC.,19/04/2006 19:49,19/04/2027 04:00,02/10/2026 05:33
bf5d92a9-a1d4-431b-add7-07d1f4ee4788,weakest.ca,available,9.99,9.99,low,low,7,namesilo,,,
c1fe6ea7-137d-42ac-aad6-94f59cb95710,mehmed.ca,available,9.19,9.19,medium,low,6,cloudflare,,,30/09/2026 21:00
54b68933-2e0f-46ba-9bab-ce4ecfeb2548,acceptive.ca,available,9.99,9.99,medium,low,9,namesilo,,,
4fbaa314-344a-405a-b6b6-5ef67fdd6793,atrazine.ca,available,11.98,14.98,medium,low,8,namecheap,,,21/09/2026 00:37
a3692431-6955-4d85-af67-6f27360e0005,leon.ca,resell,,,high,medium,4,,,,27/09/2026 04:37
266bab61-dda2-489b-a17f-ffdc9afa2472,bilgy.ca,available,11.98,14.98,medium,low,5,namecheap,,,09/08/2026 21:16
9df7a425-280e-4391-98b1-c44ad26fbca1,chilean.ca,available,9.99,9.99,high,low,7,namesilo,,,12/08/2026 05:15
0a16ea7a-8566-4e6b-8438-82183a6555c2,xxxiii.ca,available,9.99,9.99,medium,low,6,namesilo,,,
24cbedb0-cc52-49d7-8319-b05601739bb1,astonished.ca,available,11.98,14.98,high,low,10,namecheap,,,22/09/2026 03:35
287c00cf-ef0e-4d05-ac9b-425f045aa595,playable.ca,resell,,,high,low,8,"Go Daddy Domains Canada, Inc",29/01/2025 22:24,29/01/2027 22:24,26/09/2026 08:12
eaaa5785-c210-4365-97cb-35d6bdea1e48,lnc.ca,resell,,,high,low,3,,,,03/10/2026 04:08
3a2026e5-905f-4017-ae1b-2a1cd4cfe82b,reactivity.ca,available,11.98,14.98,medium,low,10,namecheap,,,29/09/2026 20:07
3330aa5f-254e-48e1-9bf3-5460432cfee6,rifle.ca,resell,,,high,low,5,,,,27/09/2026 04:01
3fadda03-8add-456a-a70a-97791cdd65cd,loudspeaker.ca,resell,,,high,low,11,,,,02/10/2026 07:17
f840f52c-72c6-4e58-8178-d234ab1fe66c,successes.ca,resell,,,medium,low,9,CENTRALNIC CANADA INC,26/08/2009 19:15,26/08/2027 04:00,26/09/2026 09:23
659541d4-5a1c-48b0-a6b2-ec2076cf636a,rowe.ca,resell,,,high,low,4,8648255 CANADA LTD. O/A Dynadot LLC,11/10/2023 19:00,11/10/2027 19:00,26/09/2026 08:45
4d4aafe9-9b93-4e77-a502-f804c06f2e33,graze.ca,resell,,,high,low,5,,,,02/10/2026 05:06
904b15b7-6e47-4f3d-97a1-6c1b6d1c8140,deist.ca,available,9.99,9.99,medium,low,5,namesilo,,,14/08/2026 00:15
20e416e6-c2eb-4304-b3d7-1bfd3dec07e3,translated.ca,resell,,,medium,low,10,,,,29/09/2026 04:42
ef752754-7ab9-42f4-921b-f7ae189dc2c3,capsulate.ca,available,11.98,14.98,medium,low,9,namecheap,,,11/08/2026 18:10
d883caa4-6997-4890-9fbe-b9ce4c972594,moors.ca,available,11.98,14.98,medium,low,5,namecheap,,,03/10/2026 04:56
3842d981-f946-4ee3-a465-223251c0ba72,tangy.ca,resell,,,medium,low,5,MyID.ca INC.,25/04/2018 19:41,25/04/2027 19:41,26/09/2026 09:30
7b41150d-45bf-4d43-a17f-0484d9098762,alpinia.ca,available,9.99,9.99,medium,low,7,namesilo,,,18/09/2026 14:02
06dfe64a-d362-4dbc-a754-97bc645e1249,natchitoches.ca,available,9.99,9.99,medium,low,12,namesilo,,,03/10/2026 06:08
4af33836-90bb-4777-a73d-558f8ea4eaa2,shroud.ca,resell,,,high,low,6,,,,02/10/2026 14:37
91428a78-e339-44be-aea2-b753ee62333a,sumptuary.ca,available,9.99,9.99,medium,low,9,namesilo,,,11/09/2026 01:40
8583049c-74f8-4f43-8b93-d25c555141c7,software.ca,resell,,,high,medium,8,CanSpace Solutions Inc.,25/09/2000 16:11,24/09/2027 04:00,02/10/2026 21:20
e937320e-484c-44f5-9831-43c54c9ada1f,kirwan.ca,available,9.99,9.99,medium,low,6,namesilo,,,02/10/2026 02:04
b77610d5-2c32-4f21-9275-78a7ea6ea663,maris.ca,resell,,,high,low,5,,,,30/09/2026 05:12
a1765e4f-a524-46d7-a00c-fbffd86c7283,almandine.ca,available,9.99,9.99,medium,low,9,namesilo,,,18/09/2026 12:29
893d69b6-3737-416a-b189-92d42dbfc07d,arizonan.ca,available,9.99,9.99,medium,low,8,namesilo,,,20/09/2026 06:05
da1b9ecd-a161-4a20-ba1b-3104958910ff,variform.ca,available,9.99,9.99,medium,low,8,namesilo,,,13/09/2026 01:22
69b89edd-a3b8-43ec-9e4a-a40add031be1,youngster.ca,resell,,,high,low,9,"Go Daddy Domains Canada, Inc",14/08/2006 21:45,14/08/2027 04:00,26/09/2026 10:16
adcdd104-62a7-4132-8b5f-c3412c6a09cd,credal.ca,available,9.99,9.99,medium,low,6,namesilo,,,13/08/2026 05:52
f0230c63-7ebf-44dd-85b6-764976d9d6ba,tunisian.ca,available,11.98,14.98,medium,low,8,namecheap,,,11/09/2026 21:09
713845b0-4618-41d1-98a2-3912f498c88c,stunted.ca,available,9.99,9.99,medium,low,7,namesilo,,,10/09/2026 23:04
9ea4d8ce-25b6-442d-84ad-0fd612b37e3f,ghana.ca,resell,,,high,high,5,,,,02/10/2026 15:32
eb19b2df-49e8-48ae-86e9-004ea26ea44f,nabokov.ca,available,8.65,9.13,medium,low,7,porkbun,,,01/10/2026 21:08
4e47f175-4a84-458f-bbd0-17782f2f654b,loyally.ca,available,9.99,9.99,medium,low,7,namesilo,,,15/09/2026 13:02
a7ffb3ea-097f-4b5a-acee-f1feb03ab1e4,herbaceous.ca,available,9.99,9.99,medium,low,10,namesilo,,,21/08/2026 06:56
8383adb1-6dfe-4df7-ad2e-840384ae237f,smuggle.ca,available,9.32,9.32,high,low,7,spaceship,,,01/10/2026 22:13
f1b8da93-18b7-48fc-93fb-15109de63bda,spirits.ca,resell,,,high,low,7,"Go Daddy Domains Canada, Inc",06/02/2008 20:21,06/02/2029 05:00,29/09/2026 03:40
925dcb66-510a-4a15-895a-b95ef6ac4dd5,misdemeanor.ca,available,9.99,9.99,medium,low,11,namesilo,,,30/09/2026 03:29
95ccc053-2762-43f3-9ce5-7f43110f810c,aroid.ca,available,9.99,9.99,medium,low,5,namesilo,,,06/08/2026 11:30
771033d1-2b33-4c6a-a036-0e2d77bcd997,dissolver.ca,available,9.99,9.99,medium,low,9,namesilo,,,10/09/2026 13:52
40ec0fdd-a959-4021-aa95-5ac45894ca3f,flinty.ca,available,9.99,9.99,medium,low,6,namesilo,,,18/08/2026 08:18
a73aa557-bff0-4b5d-a93c-e13bdb3ff319,tyrolean.ca,available,9.99,9.99,medium,low,8,namesilo,,,11/09/2026 22:33
540614d2-c034-43c1-bae6-615402b07f6a,alienating.ca,available,9.99,9.99,medium,low,10,namesilo,,,
d5b764b0-45d5-4789-96ae-bf1b8b592879,crowning.ca,resell,,,high,low,8,,,,01/10/2026 22:58
1d02c1e9-cde5-47f5-8e5a-23faef6bede4,grandpa.ca,resell,,,high,low,7,,,,29/09/2026 21:12
f073aed3-3a35-4d41-9ec1-33129691e211,hadrian.ca,resell,,,medium,low,7,BareMetal.com inc,10/05/2023 19:00,10/05/2027 19:00,26/09/2026 06:32
ebb55e66-6712-4051-b7d6-e5077b644c40,yorker.ca,available,11.98,14.98,high,low,6,namecheap,,,29/09/2026 08:35
fcd1d981-583f-4230-95d6-eb30b5951263,moons.ca,resell,,,medium,low,5,,,,30/09/2026 05:51
3c9ee9e2-f8ba-4e64-b4da-a6c50f0f168d,fatefully.ca,available,11.98,14.98,medium,low,9,namecheap,,,14/09/2026 17:53
7ab28872-d3c4-4090-ae56-4f37d310f0f3,relieved.ca,available,,,high,low,8,,,,
e73d4763-e687-454b-9223-05fd252a14f8,stricken.ca,available,9.99,9.99,medium,low,8,namesilo,,,
7d17e9ba-4b1b-4c94-b49d-d451ccb3009d,becomingly.ca,available,9.99,9.99,medium,low,10,namesilo,,,24/09/2026 08:26
ca1efa7f-e5b7-4a69-b8f9-1913f7d78a9f,playful.ca,resell,,,high,low,7,CanSpace Solutions Inc.,18/01/2006 19:30,18/01/2027 05:00,26/09/2026 08:12
f3d86ebe-9f6f-4147-9426-221e7c978b3e,yells.ca,available,8.49,13.99,low,low,5,godaddy,,,01/10/2026 00:47
166c40fc-a62d-46fc-92bd-f684e567c954,prosecuted.ca,available,9.99,9.99,low,low,10,namesilo,,,29/09/2026 17:43
34c12e31-c4e2-452d-90df-fae687d8e6d8,haggai.ca,available,9.99,9.99,medium,low,6,namesilo,,,17/09/2026 17:22
54d5bf8d-c411-431d-a250-1d75b6559eb8,sixtieth.ca,available,9.99,9.99,medium,low,8,namesilo,,,
88948066-03ee-4e42-a22c-b2a339f14228,actinidia.ca,available,11.98,14.98,medium,low,9,namecheap,,,17/09/2026 04:47
04f14441-2bff-4c44-9fe9-3c5d497917c5,reeking.ca,available,9.99,9.99,high,medium,7,namesilo,,,09/09/2026 12:32
d0338437-aeee-473e-ab7b-7d0c96d6e5da,annulated.ca,available,,,medium,low,9,,,,
68da6033-1db0-49f6-9652-6e9d25df02fe,ambushed.ca,available,9.32,9.32,medium,low,8,spaceship,,,30/09/2026 20:14
aab9b60a-0657-495a-9c48-cbeea18fd413,scenery.ca,resell,,,high,low,7,,,,28/09/2026 15:20
2c890049-396f-4a39-bc1f-2513ba51f32e,hereby.ca,available,9.99,9.99,medium,low,6,namesilo,,,15/09/2026 00:25
e7123426-6497-411a-b556-1e112417fe6b,undoable.ca,available,9.99,9.99,medium,low,8,namesilo,,,11/09/2026 23:41
48299075-e9c7-473e-8ec9-9ab8918ddff4,hooved.ca,available,9.99,9.99,medium,low,6,namesilo,,,21/08/2026 13:42
05b86700-be54-4ade-8ae8-48c67faf3e79,gasping.ca,available,9.18,9.18,medium,low,7,dynadot,,,02/10/2026 07:24
aa739fa1-b9d2-42a2-8d23-8c7b9c6e42cf,openness.ca,available,9.99,9.99,high,low,8,namesilo,,,03/10/2026 01:43
42e7b863-7586-470e-b517-ef2df0d78964,audiencia.ca,available,9.32,9.32,medium,low,9,spaceship,,,02/10/2026 18:30
624809bf-d633-4244-8d98-fd1bfd9a7108,sleeper.ca,resell,,,medium,low,7,,,,29/09/2026 06:29
dd90da9e-9c33-4e91-accb-f257f8fe764d,abducted.ca,resell,,,medium,low,8,,,,29/09/2026 05:02
01988af0-d109-42b9-9e94-4382a4d0ff35,expansion.ca,resell,,,high,low,9,,,,28/09/2026 19:05
0f1ae65d-c31e-4f75-a817-eae595e3c174,meters.ca,resell,,,medium,low,6,,,,28/09/2026 05:01
1472926a-13e8-4238-8562-f552db60a22a,screechy.ca,available,9.99,9.99,medium,low,8,namesilo,,,10/09/2026 00:01
c4914ba4-61d4-4867-94fa-13644483ab91,waver.ca,resell,,,medium,low,5,"Go Daddy Domains Canada, Inc",06/04/2022 19:00,06/04/2027 19:00,26/09/2026 10:05
97d7c2df-51c3-4a89-9269-9619ce7d274a,stomp.ca,resell,,,high,low,5,,,,30/09/2026 18:50
9454b146-43d2-419d-9cb4-9cb85f0174da,worsening.ca,available,9.99,9.99,medium,low,9,namesilo,,,28/09/2026 10:58
08c05e3f-072b-4f0e-8998-8b4332778dae,deported.ca,available,9.99,9.99,low,low,8,namesilo,,,29/09/2026 16:30
eccf3e05-7d15-41fe-a01d-0eea0c689520,wailing.ca,available,11.98,14.98,medium,low,7,namecheap,,,22/08/2026 19:04
6e74c1e6-51af-43f4-ae0c-baa0b8962483,aegina.ca,available,9.99,9.99,medium,low,6,namesilo,,,17/09/2026 12:15
c06d0455-e22a-41c1-9991-e8a94dd6bef0,hardheaded.ca,available,9.99,9.99,medium,low,10,namesilo,,,21/08/2026 00:26
643ddd35-8c33-4c4f-84f5-bceebcff921d,seattle.ca,resell,,,high,low,7,WHC Online Solutions Inc.,18/02/2026 19:00,18/02/2027 19:00,30/09/2026 10:52
23e486df-b80e-4394-9ba5-a0c65a4e785e,kunming.ca,available,9.99,9.99,high,low,7,namesilo,,,02/10/2026 19:45
162ee4bd-bc24-4efc-b912-bbb1e7c863b2,approving.ca,available,9.99,9.99,medium,low,9,namesilo,,,06/08/2026 08:49
7b284e74-b570-4da8-b3e6-59f90589f803,allmouth.ca,available,9.99,9.99,medium,low,8,namesilo,,,18/09/2026 11:45
86c1ceb8-389a-49f5-8e7c-32520d097171,dakar.ca,resell,,,high,low,5,WHC Online Solutions Inc.,27/01/2021 19:00,27/01/2027 19:00,29/09/2026 06:52
b1720e89-3396-4f2e-b175-346d1d9f25fd,ratable.ca,available,9.99,9.99,high,medium,7,namesilo,,,09/09/2026 10:31
679cf674-caca-4ce9-961d-c46a591231bf,unbent.ca,available,9.99,9.99,medium,low,6,namesilo,,,12/09/2026 01:50
9707e0b4-4956-400f-ac18-7b9b870e6852,dressed.ca,available,11.98,14.98,high,low,7,namecheap,,,22/09/2026 07:16
2d244fd4-73a7-4bfe-8d45-b361c60ec745,idolized.ca,available,9.99,9.99,medium,low,8,namesilo,,,
75e53917-281e-43b4-b1b8-afe333c7bc2b,miri.ca,resell,,,high,low,4,WHC Online Solutions Inc.,07/05/2025 19:00,07/05/2027 19:00,26/09/2026 07:34
94fce93c-ab40-42a3-b844-3f21d24e2cdf,commune.ca,resell,,,high,low,7,,,,30/09/2026 01:05
9d3966ef-9e68-4f2a-9fc2-30021b510d48,jesting.ca,available,9.99,9.99,high,low,7,namesilo,,,22/08/2026 12:52
be516883-5912-4939-bd2b-af00ac898e64,plentiful.ca,resell,,,high,low,9,WHC Online Solutions Inc.,03/07/2024 19:00,03/07/2027 19:00,27/09/2026 04:16
337dc14b-93f4-4089-b012-92a32586a4d7,loses.ca,available,9.99,9.99,medium,low,5,namesilo,,,27/09/2026 11:07
4fad09bc-7960-4769-b9b3-95b5926258e6,insulted.ca,available,9.32,9.32,low,low,8,spaceship,,,28/09/2026 23:30
62744b75-2578-459a-9169-b8550330c6d4,harwich.ca,available,9.32,9.32,medium,low,7,spaceship,,,30/09/2026 21:05
f788c311-417d-4d6b-8502-478ae5cdcec1,adjustments.ca,available,9.32,9.32,low,low,11,spaceship,,,30/09/2026 00:44
e979315c-aa86-4997-a7a5-d490e078796a,entered.ca,available,9.99,9.99,low,low,7,namesilo,,,18/09/2026 11:17
dae798d7-8a3a-4734-a240-d11cf37a5a1a,anthus.ca,available,9.99,9.99,medium,low,6,namesilo,,,19/09/2026 14:02
a3e72b65-02dd-49f2-bc8b-65014c50d1e6,infective.ca,available,9.99,9.99,medium,low,9,namesilo,,,22/08/2026 04:14
f4072666-d81d-4772-9518-246f1dfb7bd9,considering.ca,resell,,,medium,low,11,CENTRALNIC CANADA INC,19/12/2012 20:36,19/12/2026 20:36,26/09/2026 05:12
10ec6c25-6ef2-414e-bdd4-7c3582e934ef,compensated.ca,available,9.32,9.32,medium,low,11,spaceship,,,01/10/2026 18:26
881bae78-a563-4aee-a23f-b38c9714756d,piffle.ca,available,11.98,14.98,medium,low,6,namecheap,,,21/09/2026 21:41
221973da-97ff-450d-922c-fac2351ad8de,fusty.ca,available,9.99,9.99,low,low,5,namesilo,,,18/08/2026 16:42
daff8864-dad3-4d3e-bd3c-0d86c7ed4594,adenoid.ca,available,9.99,9.99,medium,low,7,namesilo,,,
bb7a1a32-f6a8-476b-b3f2-676a428961f9,banqueting.ca,available,9.99,9.99,high,low,10,namesilo,,,22/09/2026 03:08
dc24d437-2cf6-4f21-90d0-7284956bde5b,quays.ca,resell,,,medium,low,5,,,,02/10/2026 23:22
e05f79cf-1e5a-4d65-9212-8e9d13f4bc5c,plans.ca,resell,,,high,low,5,CENTRALNIC CANADA INC,09/11/2000 03:39,01/12/2027 05:00,26/09/2026 08:11
33c236d5-b343-464e-9b67-88e6d8f55eba,enkindled.ca,available,9.99,9.99,medium,low,9,namesilo,,,17/08/2026 09:31
8cfec6c7-1a07-4c56-b393-01437d4cfbb1,unavowed.ca,available,9.99,9.99,high,medium,8,namesilo,,,10/09/2026 12:30
4ebe378e-36f4-4702-8239-b0552c675fe8,rudiment.ca,available,9.99,9.99,medium,low,8,namesilo,,,16/09/2026 14:36
5aeafcb8-203f-409e-99d1-de184806b9da,detestable.ca,available,9.99,9.99,medium,low,10,namesilo,,,
207f92af-a56a-40e9-894c-da5ff2d0c085,cheever.ca,available,9.19,9.19,medium,low,7,cloudflare,,,02/10/2026 04:19
c5497db2-cd89-4e90-8bd1-47ff41b8e300,charley.ca,resell,,,high,low,7,,,,02/10/2026 07:21
2a3645fb-4879-430e-af78-952b06e8ff0c,rushed.ca,resell,,,medium,low,6,WHC Online Solutions Inc.,20/05/2020 19:00,20/05/2027 19:00,27/09/2026 17:29
6905315a-c1ca-4281-aa90-08a5804cddf5,punishing.ca,available,9.99,9.99,medium,low,9,namesilo,,,06/08/2026 17:10
3790fe64-babd-41a9-975c-3cd902e94aa6,adoringly.ca,available,9.99,9.99,medium,low,9,namesilo,,,13/09/2026 17:23
32e7cee7-2332-4e0c-a3f6-fde7b66f7839,fruitless.ca,available,9.99,9.99,medium,low,9,namesilo,,,10/08/2026 19:39
a745ca2a-ffdc-4298-8ee8-3ef9a6b4e33c,patriotism.ca,resell,,,high,low,10,CanSpace Solutions Inc.,23/12/2020 20:03,23/12/2026 20:03,30/09/2026 05:24
c705ac88-ce15-463a-bbe2-e8b53aaba12b,workfare.ca,available,9.32,9.32,medium,low,8,spaceship,,,02/10/2026 23:10
8129a402-db17-435f-97e0-218f46fc09b5,crawled.ca,available,8.49,13.99,low,low,7,godaddy,,,01/10/2026 00:21